Urban Center,Population,Area (2016),Population Density,Cost of Living Index (2016),Built-up areas per capita,Road Length per capita (2017),Pedestrian Streets per capita,Rapid Transit to Resident Ratio (RTR),Modal split (Passenger) - by trips - Car (2017),Modal split (Passenger) - by trips - Public Transport (2017),Traffic Index (2018),Average travel speed (2019),Percentage Access to Public Transport,Share of population with access to open public spaces (2020),Surface transport SOx Concentration,Surface transport NOx Concentration,Oxford Economics Global Cities Index (Rank),Oxford Economics Global Cities Index (Economics),Oxford Economics Global Cities Index (Human Capital),Oxford Economics Global Cities Index (Quality of Life),Oxford Economics Global Cities Index (Environment),Oxford Economics Global Cities Index (Governance)
Yerevan,1075800.0,191.0,11181.5801223017,34.39,313.8910207214121,3.383047231932768,593.5969939705988,11.2049963262307,,,106.91,,0.145237397712662,0.4715151443245935,,,437.0,441.0,401.0,492.0,631.0,510.0
Baku,2300500.0,332.0,13622.8650103013,30.33,403.0646235842772,1.111694531442436,980.801775078133,14.6163575042158,,,122.29,33.83016803,0.207985944641715,,,,404.0,571.0,258.0,351.0,569.0,837.0
Phnom Penh,2129371.0,263.0,22747.8375262862,49.22,140.2550091074681,1.966737762057766,4246.354796559193,,,,,,0.0,0.1366697959434136,,,687.0,671.0,394.0,786.0,688.0,847.0
Changchun,4408154.0,409.0,49267.0078529278,,241.5116622379687,4.990133407749451,189.932548669518,16.603230803275,0.2,0.33,,,0.393301078999725,,,,716.0,780.0,872.0,437.0,851.0,637.0
Changsha,4766296.0,422.0,70546.4393202164,,148.8647581441264,1.226752271073792,380.2820694990918,30.4074232081911,,,,,0.411611113135995,,,,497.0,391.0,525.0,460.0,808.0,637.0
Dalian,5871474.0,557.0,49035.6322396673,,249.9401484318889,0.5520063133646249,419.5766293193045,45.600124917589,,0.43,,,0.155324902325677,,0.0065324723345329,0.993485648393459,566.0,569.0,643.0,446.0,766.0,637.0
Dongguan,10646000.0,,,,163.5822561145727,,,5.03943323085149,0.4,0.6,,0.0,,,,,389.0,185.0,376.0,598.0,672.0,637.0
Fuzhou,4047200.0,68.0,77636.5285394942,,166.2580788945843,4.357444491688531,795.1573820494568,20.9661989795918,,,,,0.0,,0.0053174838118261,0.159978263672952,405.0,222.0,411.0,615.0,661.0,637.0
Hangzhou,9523000.0,1679.0,28323.5425942218,,139.7379912663756,0.6761437872413111,1575.631531057687,54.4676830358282,,,,,0.307477111542297,0.2051286532281397,0.067659612206006,1.48467540287501,286.0,62.0,158.0,430.0,837.0,637.0
Harbin,3830000.0,457.0,63453.8876590482,,173.4298268286379,0.5673627796458771,293.1227076930516,10.0015330369461,,,,,0.260666255829655,,,,586.0,635.0,616.0,449.0,847.0,637.0
Hefei,4216940.0,566.0,80365.4892322124,,176.9596199524941,1.078165382304971,2366.927980125971,36.6937333700339,0.42,0.246,,,0.369503105976931,,,,378.0,184.0,285.0,513.0,869.0,637.0
Jinan,5606374.0,529.0,35818.355185799,,229.7263988168598,0.5692923145954223,1432.529335644444,22.8295644586635,,,,,0.0706949919727376,0.2608351042811771,,,466.0,223.0,764.0,403.0,848.0,637.0
Kunming,4422686.0,364.0,48131.1390788574,,171.1711711711712,1.001785026649812,841.0698019013839,30.3590285110876,0.221,0.252,,,0.404583904805996,,,,461.0,233.0,674.0,645.0,505.0,637.0
Nanjing,8422000.0,629.0,52980.772712031,,189.726107911132,3.551913811794692,741.7624303827987,41.1079165112042,,,,,0.180534244141141,,0.0448617922071237,1.65554759447823,328.0,148.0,130.0,474.0,946.0,637.0
Ningbo,4087523.0,578.0,36430.8044749589,,215.149441022131,6.736736335651542,498.1691069931388,42.7380615993218,0.15,0.66,,,0.341503485105548,,,,444.0,250.0,625.0,450.0,783.0,637.0
Qingdao,5818255.0,598.0,31605.4133603815,,279.6057860435543,0.5238940065555874,1700.619065091649,48.6793504773851,,,,,0.364183727295434,0.284888974835598,0.0386232132900556,1.19676715892909,367.0,197.0,336.0,401.0,760.0,637.0
Shenyang,7964000.0,548.0,47374.1006357965,,192.8145201392342,0.5378784079086132,206.9359387813696,15.6835078960221,,,,,0.292593373586707,,,,603.0,656.0,654.0,494.0,802.0,637.0
Shijiazhuang,4098243.0,586.0,26049.6149799174,,227.5897700852493,3.43053566161215,,17.8243056548044,0.05,0.0716,,,0.231068748297229,,,,623.0,333.0,882.0,516.0,938.0,637.0
Suzhou,5352924.0,59.0,43013.8636547607,39.46,227.5488425545887,0.614809497176287,,28.3399777615057,,,,,0.273877630452777,,,,325.0,92.0,220.0,462.0,910.0,637.0
Taiyuan,3875053.0,375.0,55915.9934531152,,174.8569173080718,0.6347266114480102,,5.93889979364839,,,,,0.146247253655325,,,,490.0,303.0,513.0,548.0,882.0,637.0
Tianjin,10368000.0,698.0,60395.9365718763,,279.9840748482134,0.6829967262577044,947.4711660185513,18.5483637416739,0.278,0.42,,,0.384173415489418,0.3413947356991827,,,520.0,555.0,380.0,459.0,906.0,637.0
Ürümqi,4335017.0,323.0,,,170.844327176781,2.908330340582299,,12.3098018400566,0.217,0.547,,,,,,,492.0,291.0,534.0,565.0,881.0,637.0
Wuhan,10251000.0,838.0,51836.2462752681,,175.8910460736018,0.6129195235525243,634.0737589558083,52.268765019083,,,,,0.419608177419251,0.2914862131828707,0.11869654249754,4.39937994795555,336.0,110.0,188.0,544.0,913.0,637.0
Zhengzhou,5621593.0,603.0,40998.7344019469,,161.2757499096494,0.9267250848486007,,37.9153308073447,,,,,0.341006658027844,,,,401.0,190.0,334.0,531.0,923.0,637.0
Tbilisi,1118035.0,132.0,16178.7345332437,31.82,225.0686184812443,2.368253156075382,2177.487651798736,25.5602889423967,,,144.86,28.19591048,0.348034576899606,0.7391568043067894,,,358.0,458.0,183.0,503.0,422.0,361.0
Ahmedabad,8009000.0,363.0,52100.6392573439,25.09,63.0776917312016,0.5148505444573437,289.1568250697646,9.41934234103346,,0.15,168.32,23.37027773,0.108042144433047,0.2937936916885173,,,654.0,376.0,408.0,937.0,813.0,380.0
Hyderabad (India),10494000.0,874.0,,23.77,172.3997141982239,1.589235524094157,37.22548037405073,3.89453596603964,,,184.08,19.8424361,,0.9442362652607323,,,564.0,253.0,524.0,882.0,674.0,380.0
Jaipur,3073350.0,341.0,19974.2430325614,25.03,159.1743119266055,1.832157208326073,,2.40185563924776,,0.17,,24.14776077,0.0481861984294522,0.185095322563237,0.007521534304496,0.167083613272004,772.0,520.0,565.0,930.0,871.0,380.0
Lucknow,3382000.0,374.0,23668.0673464605,26.93,103.8403776013731,0.8392471491293001,,5.572952603365,,,,22.10398046,0.0726876994997912,,,,920.0,702.0,685.0,964.0,980.0,380.0
Patna,1684222.0,156.0,41139.7629037752,,53.737616331432,0.4637139850240999,,,,,,20.05887455,0.0,0.3679605549195821,,,904.0,652.0,900.0,880.0,945.0,380.0
Pune,8231000.0,634.0,38833.8375029876,26.42,95.32189470596862,0.8564547124914419,176.2144921335904,12.6608307384995,,0.12,195.05,19.97405145,0.0,0.3083174255545196,,,534.0,386.0,181.0,897.0,713.0,380.0
Surat,6538000.0,227.0,255480.693045459,25.65,44.38721405847599,0.2856658364564484,,4.01907721987031,0.31,0.13,,26.68430276,0.0,0.4496215118409279,,,799.0,512.0,771.0,890.0,878.0,380.0
Bandung,432557.0,1014.0,23378.8946519651,36.29,67.61071775649035,0.497822351717584,35.96131857155818,,,,,19.76679583,0.0,0.2613979765226353,,,541.0,297.0,419.0,808.0,767.0,480.0
Surabaya,6499000.0,1751.0,13891.7190001705,44.57,139.1092129347163,0.7721865095298416,,,,,,23.00200545,0.0,0.2123588757668025,,,434.0,236.0,377.0,769.0,541.0,480.0
Isfahan,2219343.0,353.0,10507.2829621414,,245.7731958762887,2.700803523836923,3664.057139385196,8.61274871039056,,,,28.24562096,0.0366130590239215,0.5078450714881029,,,624.0,580.0,216.0,716.0,866.0,928.0
Mashhad,3372090.0,288.0,79258.7709069236,,93.95441030723488,1.703119911265075,566.7425256036665,11.2011293193395,0.56,0.25,,28.26883188,0.0968627788960599,0.5470128611246148,,,709.0,658.0,289.0,749.0,930.0,928.0
Shiraz,1565572.0,208.0,7127.01808619767,,350.5154639175258,3.090723711100865,1855.252116424746,6.27390057361376,,,,34.06814163,0.130951484819543,0.5471634797119685,,,658.0,721.0,221.0,744.0,750.0,928.0
Tabriz,1558693.0,253.0,15230.0779353184,,202.3319615912208,1.515536871452995,4672.490902942491,12.1621621621621,0.32,0.23,,31.7782567,0.163706557078061,0.5626258044792892,,,721.0,802.0,323.0,724.0,785.0,928.0
Hiroshima,1198021.0,331.0,7798.98204483839,,212.2040072859745,6.76857177695202,842.1923891707373,16.6025024061597,0.12,0.51,,24.6287865,0.12206656225562,,,,288.0,503.0,529.0,171.0,179.0,26.0
Nagoya,9197000.0,2651.0,6377.09507786461,,392.4144506833351,1.643360976766795,794.8447911624971,39.4298640638418,0.25,0.326,,25.52318428,0.145024134344968,,,,157.0,252.0,211.0,129.0,438.0,26.0
Sendai,1061177.0,331.0,7839.19449074107,,230.46875,9.478127932816724,1174.8505684101,6.35411300017173,0.535,0.158,,24.63397074,0.205740158150057,,,,296.0,558.0,506.0,221.0,131.0,26.0
Bishkek,1074075.0,156.0,26087.6009744687,,186.0795454545455,3.018982135972046,1708.851276881539,,,,,25.00318287,0.0,0.5954346800853945,,,438.0,444.0,203.0,517.0,710.0,843.0
Vientiane,948487.0,122.0,,,,5.870749806567596,,,,,,25.40075853,,0.1945002402842874,,,589.0,701.0,729.0,414.0,462.0,845.0
Ulaanbaatar,1396288.0,166.0,12803.7941115998,58.57,200.1254705144291,4.200177949328815,427.6349602987106,,,,,19.54023745,0.0,0.1513931808594323,,,451.0,442.0,415.0,650.0,622.0,363.0
Mandalay,1319452.0,244.0,20398.0591684637,,80.2919708029197,26.38417924172402,17.73581720762319,,,,,24.8773455,0.0,0.1274407942251233,,,828.0,563.0,823.0,740.0,575.0,994.0
Kathmandu,975453.0,271.0,31648.0947501747,32.39,61.28734216199569,0.3446847195184135,752.4583633465307,,,,,,0.0,0.4509355794870302,,,749.0,679.0,776.0,746.0,753.0,603.0
Karachi,15738000.0,753.0,66136.466773006,28.57,55.50891402044545,0.730953095085841,,,,0.52,193.85,22.45317195,0.0,0.4538852305561125,1.12743366007955,1.28247661027304,918.0,863.0,612.0,851.0,917.0,874.0
Cebu City,964169.0,351.0,37901.9772145918,39.75,,1.826163749593495,170.1921633232597,,,,,20.08058515,0.0,0.4018342979317114,,,436.0,379.0,502.0,683.0,24.0,614.0
Davao City,1776949.0,99.0,84914.8042377875,31.54,94.27121102248006,5.131749191854246,,,,,,20.73813683,0.0,0.3434959968106752,,,500.0,412.0,645.0,629.0,229.0,614.0
Daegu,2461002.0,331.0,19308.71111121,,109.654871122761,1.719468043399049,942.5462844149636,25.9633779721235,,,,,0.43423793167147,,,,310.0,653.0,326.0,225.0,389.0,148.0
Daejeon,1475221.0,205.0,18937.5996048189,,,2.341444561881716,1907.795001557482,14.3949044585987,0.44,0.28,,,0.310668010174886,,,,345.0,614.0,569.0,244.0,475.0,148.0
Gwangju,1490092.0,194.0,16149.7020518739,,129.304286718201,1.909986807453414,3314.574287696867,13.5081967213114,0.36,0.6900000000000001,,,0.202428982487119,0.653727926014055,,,318.0,601.0,547.0,149.0,362.0,148.0
Ulsan,1166033.0,199.0,13024.3393594251,,203.1782065834279,4.478870327504083,1299.300010425354,,,,,,0.0,,,,369.0,783.0,559.0,240.0,415.0,148.0
Kazan,1243500.0,302.0,10873.9571132635,31.93,356.9721115537849,2.423548782156363,3683.358771705858,,0.33,0.67,,,0.136794159588587,,,,571.0,590.0,293.0,570.0,654.0,946.0
Nizhny Novgorod,1264075.0,269.0,10964.2322224096,,524.1590214067278,1.484523866792174,4456.437454656016,,,,134.62,,0.145156144585254,,,,,,,,,
Novosibirsk,1625631.0,307.0,10540.4093643465,31.14,446.3470319634703,1.971131337426063,952.2945241349564,9.32679660408944,,,215.56,,0.172662078202143,,,,570.0,453.0,375.0,597.0,705.0,946.0
Samara,1169719.0,210.0,11910.9362025822,,225.8953168044077,2.928363235276191,1711.546728107098,9.81743024457457,,,,,0.135871536460716,,,,884.0,981.0,627.0,657.0,659.0,946.0
Yekaterinburg,1468833.0,250.0,11819.8255985912,34.52,434.6629986244842,2.126282825604971,10851.40289342454,8.20865881106845,,,,,0.143815863973234,,,,,,,,,
Taichung,3033885.0,329.0,17113.8054423587,,161.7004370282082,3.099956994870583,,,0.46,0.34,,23.20699718,0.0695147529019159,,,,205.0,496.0,122.0,174.0,319.0,98.0
Tashkent,2571668.0,504.0,43297.9380794247,39.88,273.1893265565438,1.770740255965634,4301.531785847383,19.6732898766983,,,,32.56211484,0.0798160397988338,0.2634320560837844,,,468.0,553.0,136.0,612.0,861.0,842.0
Luanda,9051000.0,771.0,28988.3862472487,147.99,92.08356239692138,1.143102031091692,,,,,,,0.0,0.1731168791778549,,,853.0,820.0,434.0,967.0,106.0,917.0
Minsk,2009786.0,265.0,19531.6151648121,33.64,203.6688617121355,1.405531877387209,1035.917372318468,17.3819110281842,0.2,0.63,117.08,29.71162785,0.34528613189859,,,,544.0,857.0,592.0,299.0,547.0,863.0
Santiago,50635.0,720.0,16524.2847746605,51.97,161.5720524017467,,3930.95879474275,30.6968620659289,0.27,0.33,136.62,25.66448581,0.221672314287621,0.2379591756611015,0.0503074202647777,0.311815979330604,119.0,172.0,27.0,330.0,301.0,296.0
Abidjan,4980000.0,431.0,31319.1280288407,,66.22050017611835,1.001779123511103,73.29121791969769,,,,,,0.0,0.1197190920526984,0.0340255296128917,0.0156571929460962,791.0,526.0,585.0,955.0,578.0,798.0
Kinshasa,12836000.0,383.0,67024.4151108269,,38.39027643963536,1.007085552420461,,,,,,,0.0,0.1731110758171895,,,963.0,858.0,459.0,990.0,370.0,984.0
Santo Domingo,10759.0,515.0,18465.0753524898,53.35,,1.488900952728866,625.01454080921,7.32860520094562,,,,24.60501337,0.086701102217067,0.3987769365172021,,,382.0,275.0,498.0,646.0,86.0,472.0
Guayaquil,2723665.0,301.0,20018.605484153,49.83,96.76405906377632,2.259937301530103,1503.366609661595,11.2673280336377,,,,28.28933966,0.0853801363358648,0.4144399325367573,,,410.0,507.0,359.0,549.0,63.0,608.0
Athens,3041131.0,438.0,15539.0025146985,60.14,176.186158960411,0.8864738392864414,41968.89872129636,21.4054671148601,0.53,0.37,151.2,,0.276127128876911,0.9285631634377569,0.001186599033265,0.0464073114333811,297.0,502.0,169.0,322.0,236.0,348.0
Port-au-Prince,987310.0,280.0,17481.0725938721,,,1.068000010153647,278.5080149231398,,,,,20.66771804,0.0,0.1694391998872451,,,996.0,952.0,948.0,982.0,222.0,945.0
Amman,4007526.0,542.0,29950.8597805879,58.54,130.2757885113515,1.342453677694073,213.3515083044094,7.36309249884951,0.34,0.14,255.49,29.24592374,0.0,,0.125208749051606,0.0325774601483799,388.0,387.0,154.0,678.0,531.0,601.0
Nairobi,5545000.0,337.0,68005.2891194836,42.81,156.5882522730553,1.072547257160338,115.8378302745292,,0.073,0.515,251.53,23.90700994,0.0,0.1793292492238648,0.529965695969319,0.0532007390282297,567.0,272.0,280.0,986.0,54.0,612.0
Lima,10367.0,876.0,22311.5802633943,40.69,84.40697233800682,0.1073731627963135,10070.80686279865,4.5134484216719,0.12,0.62,184.61,20.42317951,0.0968866393954226,0.8074405752684661,4.52666266311347,0.127095793581367,283.0,170.0,114.0,418.0,608.0,514.0
Khartoum,7869000.0,750.0,12497.7683526425,,144.0950384346611,1.942120581580933,,,,,,,0.0,,,,964.0,817.0,622.0,956.0,746.0,997.0
Dar es Salaam,7962000.0,660.0,32701.1478442774,57.08,,2.288401180364431,294.3070631198869,2.954481198756,0.068,0.5760000000000001,,,0.0,,0.0093807963879747,0.130744881993687,642.0,518.0,268.0,947.0,119.0,833.0
Kyiv,2963199.0,518.0,15196.7561296055,28.36,253.5821392869044,1.091076649133073,2460.872994018428,22.5116900467601,,,149.13,27.03735389,0.297030989218511,0.7123922750979128,,,313.0,186.0,229.0,325.0,638.0,867.0
Chicago,8595181.0,3830.0,9025.53664242433,84.81,729.5063658700022,1.843861816772403,892.3218764648083,17.7070693451979,0.78,0.12,207.72,,0.147669829652426,0.4784582347745486,0.003400079944485,0.22671908395707,29.0,8.0,46.0,276.0,520.0,184.0
Dallas,5668165.0,3699.0,8170.43388272109,67.8,760.4241295314515,3.556088508246893,1613.506565848755,0.0,0.905,0.014,180.24,,0.0539300513710897,,,,18.0,6.0,23.0,320.0,280.0,184.0
Detroit,3522856.0,2545.0,3763.34767112433,74.84,958.6660403945515,2.371176526678677,2409.345692850985,,0.925,0.015,245.08,42.08733743,0.00308167225588934,,,,117.0,116.0,100.0,277.0,352.0,184.0
Houston,5650910.0,3418.0,11539.2257120085,70.96,804.1175593018052,2.289856410441841,332.9102705542022,1.23555939951813,0.91,0.019,214.93,,0.0432381481620649,0.2700111249710742,0.0176281664961098,0.0650313746453978,25.0,15.0,18.0,298.0,271.0,184.0
Miami,5711945.0,3040.0,7651.17736012649,82.77,524.8411793451702,0.5549130336375617,1619.16394457158,6.74011665586519,0.87,0.038,213.56,,0.0226972874613699,,0.003126649741456,0.0569377109935073,36.0,22.0,38.0,318.0,39.0,184.0
Philadelphia,5512873.0,1520.0,11961.5094259914,83.24,848.3175150992234,2.756178874798165,1927.801242112479,10.651258310418,0.805,0.09300000000000001,229.52,,0.253244267717336,0.3729503760022087,0.003821938724083,0.247910396437925,33.0,18.0,29.0,260.0,355.0,184.0
Phoenix,4047095.0,2304.0,6371.10569535157,68.39,700.6714316655837,4.391487564073127,1593.445074975123,0.0,0.875,0.018,137.77,,0.0311738900987199,,0.0012104449329232,0.014157542473696,46.0,25.0,72.0,253.0,67.0,184.0
San Jose,153267.0,,9618.48722712942,61.38,,1.605841223123356,1617.029952504163,,,,154.51,,0.165119414003698,,,,3.0,3.0,28.0,38.0,53.0,184.0
Tijuana,2002000.0,1776.0,9664.99439125875,32.4,241.8224299065421,1.618666559268193,,16.0653630772055,,,,28.03905092,0.0888292519242642,0.5185744420318875,,,448.0,515.0,461.0,633.0,49.0,529.0
Washington D.C.,4810669.0,1550.0,10408.8369956731,91.96,713.103272634662,1.384731692674821,750.9071566202895,30.627045522166,0.753,0.134,206.06,,0.133116321090766,0.5280240014132506,0.001787417953281,0.150798060106575,13.0,11.0,7.0,224.0,314.0,184.0
Caracas,2245744.0,330.0,21982.5256885383,37.03,117.0170567235224,1.271344087191791,1586.573932796438,20.8855189222124,0.41,0.46,,,0.226050846064996,0.3810284291144408,,,632.0,714.0,333.0,719.0,59.0,987.0
Thimphu,104000.0,,,,,,,,,,,0.0,,0.3901483843050657,,,,,,,,
Avarua,5445.0,,,,,,,,,,,,,,,,,,,,,
South Tarawa,28802.0,,,,,,,,,,,,,,,,,,,,,
Alofi,1611.0,,,,,,,,,,,,,,,,,,,,,
Apia,37708.0,,,,,,,,,,,,,0.1721189478488171,,,,,,,,
Nuku'alofa,23221.0,,,,,,,,,,,,,,,,,,,,,
Funafuti,6025.0,,,,,,,,,,,,,,,,,,,,,
Port Vila,51437.0,,,,,,,,,,,,,,,,,,,,,
Herat,556205.0,60.0,38170.8075072409,,43.15352697095436,,,,,,,,0.0,0.5555715315423773,,,,,,,,
Kandahar,614254.0,67.0,22697.8374139888,,93.5251798561151,,,,,,,,0.0,0.4593892891103877,,,,,,,,
Adelaide,1295714.0,507.0,3332.78206301789,,672.6986624704957,,7240.560798638183,9.05447528573549,,,136.91,31.33027146,0.0697068591413008,0.721529653207653,,,51.0,81.0,73.0,152.0,57.0,18.0
Brisbane,2360241.0,498.0,4678.91190114129,,871.0102007239224,,4222.846467552353,10.5396981627296,,,182.51,32.01964079,0.0311887015170981,0.8054991489054321,,,27.0,41.0,41.0,146.0,135.0,18.0
Perth,2141834.0,766.0,3776.7418380004,,818.6577820085673,,1422.590565114534,,,,171.9,36.37846843,0.107829146932287,0.8561725232862885,,,23.0,57.0,22.0,135.0,34.0,18.0
Bogura,400983.0,472.0,26041.556694819,,,,,,,,,,0.0,,,,953.0,950.0,803.0,803.0,794.0,887.0
Brahmanbaria,268279.0,553.0,33282.6651987932,,,,,,,,,,0.0,,,,,,,,,
Comilla,296010.0,2491.0,15956.5340309958,,,,139.9650201565758,,,,,19.31575896,0.0,0.2562753426889238,,,939.0,862.0,789.0,846.0,829.0,887.0
Daganbhuiyan,33574.0,237.0,,,,,,,,,,,,,,,,0.0,0.0,0.0,0.0,0.0
Jessore,243987.0,54.0,30180.0278080828,,,,,,,,,,0.0,0.6277649831289519,,,,,,,,
Khulna,1400689.0,184.0,25564.0547634933,,102.4154589371981,,10.56260369526382,,,,,19.48656757,0.0,0.6531541430307098,,,872.0,946.0,418.0,798.0,823.0,887.0
Mymensingh,576722.0,106.0,39142.3241531182,,,,,,,,,18.53952736,0.0,0.2959946104850731,,,868.0,706.0,753.0,801.0,854.0,887.0
Rajshahi,763580.0,201.0,20222.9983848778,,,,,,,,,20.9204984,0.0,0.8364775227543946,,,875.0,935.0,481.0,770.0,914.0,887.0
Rangpur,294265.0,267.0,28192.6683718608,,,,,,,,,19.53009194,0.0,,,,,,,,,
Sylhet,479837.0,196.0,37882.9977388875,,45.53903345724907,,,,,,,19.34858346,0.0,0.7134358070357112,,,834.0,803.0,665.0,788.0,704.0,887.0
Tangail,392300.0,359.0,,,,,,,,,,,,,,,,,,,,
Bandar Seri Begawan,50000.0,20.0,,,,,,,,,,,,0.216538811916102,,,,,,,,
Anshan,3645884.0,183.0,46942.4876647953,,261.2994350282486,,,,,,,,0.0,,,,931.0,982.0,932.0,491.0,955.0,637.0
Anyang,573296.0,223.0,44263.4195959318,,285.7142857142857,,583.759473833716,,,,,,0.0,,,,785.0,646.0,840.0,621.0,994.0,637.0
Baoding,11860000.0,238.0,19323.13348921,,282.1067821067821,,,,,,,,0.0,,,,890.0,915.0,951.0,482.0,941.0,637.0
Baotou,2709378.0,243.0,63698.3858714236,,257.0888468809074,,,,,,,,0.0,,,,726.0,794.0,812.0,483.0,899.0,637.0
Bengbu,3296408.0,150.0,53100.8357264335,,383.0022075055188,,1342.9319689641,,,,,,0.0,0.2113256383652843,,,648.0,464.0,912.0,433.0,858.0,637.0
Changshu,1677050.0,146.0,29556.5861764952,,269.5035460992908,,,,,,,,0.0,,,,,,,,,
Changzhou,3601079.0,605.0,19645.3226663892,,297.432239657632,,218.9008706692207,28.3431477516059,,,,,0.174599415258354,0.360066350515609,,,508.0,287.0,735.0,447.0,909.0,637.0
Dandong,2444697.0,110.0,63432.3808956527,,206.5906210392902,,1042.258683229318,,,,,,0.0,,,,,,,,,
Fancheng,76088.0,202.0,35528.9524809644,,,,,,,,,,0.0,,,,,,,,,
Fushun,2024000.0,34.0,46672.5528912967,,,,,,,,,,0.0,,,,986.0,999.0,985.0,511.0,954.0,637.0
Guilin,5085500.0,232.0,23623.6695715016,,176.2452107279694,,2773.768670842858,,,,,,0.0,,,,715.0,622.0,950.0,393.0,830.0,637.0
Guiyang,3299724.0,312.0,68334.4499890673,,170.531740454439,,,31.1967068509262,,,,,0.204219691358598,,,,514.0,268.0,719.0,649.0,751.0,637.0
Haikou,2873358.0,209.0,,,180.8261886204209,,332.8781767633914,,,,,,,0.2057037975444181,,,420.0,257.0,681.0,501.0,247.0,637.0
Handan,2708015.0,178.0,51903.7543219925,,347.0701867353509,,,,,,,,0.0,,,,752.0,576.0,819.0,637.0,978.0,637.0
Hengyang,7243400.0,25.0,24545.3635696648,,347.3053892215569,,,,,,,,0.0,,,,742.0,776.0,937.0,383.0,840.0,637.0
Hohhot,3446100.0,260.0,37766.6749420909,,215.6419529837251,,311.0800997475491,22.6844795122388,,,,,0.207806324805434,,,,585.0,591.0,644.0,504.0,765.0,637.0
Huai'an,2632788.0,144.0,,,,,,0.0,,,,,,,,,,,,,,
Huaibei,2114276.0,155.0,30066.3307045695,,308.4967320261438,,,,,,,,0.0,,,,817.0,662.0,922.0,562.0,992.0,637.0
Huangshi,2471700.0,201.0,25764.6462654667,,223.5393734123624,,,,,,,,0.0,,,,831.0,568.0,954.0,587.0,986.0,637.0
Huizhou,2509243.0,250.0,33668.6367687877,,168.5155837295299,,,,,,,,0.0625220278852246,,,,594.0,692.0,508.0,675.0,595.0,637.0
Jiaxing,1518654.0,211.0,37265.6253860279,,195.6756756756757,,,0.0,,,,,0.249170286210622,,,,491.0,277.0,632.0,480.0,902.0,637.0
Jieyang,6089400.0,2450.0,26039.7265853357,,268.0695333943276,,,,,,,,0.0,,,,,,,,,
Jilin,2396000.0,174.0,73545.7880301298,,214.1014617368874,,784.1596242498808,,,,,,0.0,,,,958.0,985.0,993.0,455.0,934.0,637.0
Jingzhou,72806.0,125.0,17504.3705624127,,236.4425162689805,,1159.725018130383,,,,,,0.0,,,,876.0,871.0,986.0,435.0,907.0,637.0
Jinzhou,3126463.0,41.0,41068.7760700302,,190.6040268456376,,,,,,,,0.0,,,,930.0,962.0,990.0,510.0,807.0,637.0
Lanzhou,3067141.0,247.0,58659.8829721377,,121.9348337252267,,1930.831837534432,12.1231355125357,,,,,0.229356891543781,,,,607.0,472.0,721.0,617.0,853.0,637.0
Linyi,11018365.0,18.0,8783.54865302807,,501.3082155939299,,346.3134704343182,,,,,,0.0,,,,836.0,830.0,983.0,373.0,928.0,637.0
Liuzhou,4157934.0,232.0,21290.8328053657,,171.0097719869707,,1089.394272961708,,,,,,0.0,,,,869.0,853.0,964.0,543.0,898.0,637.0
Luoyang,2372571.0,373.0,23630.6672579649,,267.5312199807877,,262.2890626207534,17.7285318559556,,,,,0.122130139619475,,,,739.0,572.0,936.0,472.0,918.0,637.0
Mianyang,4868243.0,126.0,21671.3570187113,,257.3529411764706,,,,,,,,0.0,,,,781.0,686.0,999.0,382.0,714.0,637.0
Mudanjiang,2798723.0,117.0,32940.6497865355,,165.4846335697399,,1212.115625368415,,,,,,0.0,0.3783374254013218,,,,,,,,
Nanchang,3576547.0,414.0,58468.0753264368,,183.2547169811321,,349.8311249262855,34.6858780276816,,,,,0.277741622316355,,,,467.0,246.0,615.0,524.0,821.0,637.0
Nanning,3837978.0,224.0,81981.0616157739,,151.4312096029548,,,39.5732445520581,,,,,0.311212699037602,,,,471.0,249.0,767.0,467.0,671.0,637.0
Nantong,2261382.0,310.0,48217.4636940108,,354.8387096774193,,,,,,,,0.276922609624363,,,,542.0,256.0,901.0,429.0,825.0,637.0
Nanyang,10013600.0,183.0,15199.0906369734,,235.7807652533609,,,,,,,,0.0,,,,784.0,772.0,945.0,389.0,940.0,637.0
Pingdingshan,4904701.0,134.0,19414.386703131,,190.72708113804,,2659.000834735855,,,,,,0.0,,,,919.0,914.0,987.0,457.0,965.0,637.0
Putian,3210714.0,299.0,32919.1672724066,,476.1336515513127,,,,,,,,0.0,,,,626.0,423.0,856.0,672.0,543.0,637.0
Qinhuangdao,3146300.0,119.0,24847.4392947724,,397.6660682226212,,,,,,,,0.0,,,,835.0,889.0,939.0,481.0,824.0,637.0
Qiqihar,5367003.0,99.0,42102.3495784172,,,,,,,,,,0.0,,,,880.0,947.0,991.0,420.0,684.0,637.0
Quanzhou,8782285.0,10.0,19277.9832074081,,333.3827673142518,,,,,,,,0.0,,,,512.0,221.0,845.0,613.0,632.0,637.0
Sha Tin,640000.0,115.0,,,,,3161.25710522522,,,,,,,,,,,,,,,
Taizhou,5031000.0,132.0,27995.076623029,,300.4731861198738,,,,,,,,0.0134603446464592,,,,,,,,,
Tangshan,3399231.0,365.0,36096.0874206059,,345.1631368059531,,1233.244820374205,,,,,,0.0,,,,714.0,513.0,913.0,488.0,967.0,637.0
Weifang,2636154.0,248.0,18611.0718856823,,376.0603204524034,,395.948083538997,,,,,,0.0,,,,775.0,762.0,941.0,371.0,950.0,637.0
Wenzhou,3604446.0,678.0,32842.6953943842,,132.7037773359841,,393.6432167089906,22.8360858572273,,,,,0.0224643284974811,,,,568.0,579.0,650.0,478.0,693.0,637.0
Wuhu,3842100.0,184.0,68802.3783684733,,375.0,,1579.101432929425,,,,,,0.0,,,,619.0,406.0,765.0,609.0,920.0,637.0
Xi'an,12328000.0,624.0,56850.5689754331,,149.5373024322332,,498.9214070324279,31.0726240721874,,,,,0.368368548509516,,,,343.0,176.0,186.0,489.0,784.0,637.0
Xiangtan,2864800.0,174.0,,,211.4661654135338,,1933.360706731548,,,,,,,,,,750.0,681.0,926.0,411.0,932.0,637.0
Xingtai,7111106.0,125.0,26267.1758155636,,141.304347826087,,427.7983256950657,,,,,,0.0,,,,913.0,882.0,972.0,520.0,977.0,637.0
Xining,2467965.0,134.0,43435.8833069242,,245.5284552845528,,284.30921544994,,,,,,0.0,,,,694.0,530.0,903.0,622.0,758.0,637.0
Yangzhou,4559797.0,158.0,16808.9090948455,,295.1096121416526,,1629.556160083014,,,,,,0.0,,,,740.0,647.0,933.0,471.0,859.0,637.0
Yantai,2511053.0,374.0,,,430.2583025830259,,,,,,,,,,,,711.0,643.0,966.0,375.0,770.0,637.0
Yinchuan,1901793.0,266.0,33172.9070621947,,232.6283987915408,,799.7600650570032,10.4783037475345,,,,,0.0,,,,548.0,389.0,628.0,578.0,817.0,637.0
Yiwu,1234015.0,242.0,56784.4307068539,,193.6193619361936,,,,,,,,0.0208711205090732,,,,641.0,421.0,930.0,417.0,775.0,637.0
Yueqing,488980.0,295.0,17052.2035291082,,,,,,,,,,0.00430241798758204,,,,588.0,377.0,847.0,508.0,764.0,637.0
Zhanjiang,7332000.0,157.0,46111.0526992125,,337.7049180327869,,,,,,,,0.0,,,,790.0,824.0,946.0,552.0,584.0,637.0
Zhenjiang,3210418.0,83.0,50517.1228672308,,365.5723158828749,,,,,,,,0.0,,0.0371139613835441,0.573690672313379,621.0,508.0,704.0,487.0,963.0,637.0
Zhongshan,2909633.0,13.0,16709.0168560791,,190.1288597131048,,445.060453243654,4.27118644067796,,,,,0.000154161427306247,,,,575.0,596.0,596.0,554.0,675.0,637.0
Zhuhai,2439585.0,284.0,64254.4147986225,,150.021616947687,,11989.35308303125,0.0,,,,,0.00769592494819695,,,,370.0,300.0,180.0,532.0,610.0,637.0
Zhuzhou,4020800.0,135.0,44425.107357667,,187.1880199667221,,1137.808057204988,14.635356375062,,,,,0.0,,,,803.0,792.0,968.0,416.0,860.0,637.0
Zibo,2631647.0,,11748.7180252137,,373.0873087308731,,475.2339283123295,,,,,,0.0,,,,860.0,787.0,970.0,500.0,964.0,637.0
Zunyi,6606675.0,93.0,,,,,2263.527208528341,,,,,,,0.2537044210311116,,,640.0,318.0,909.0,632.0,843.0,637.0
Suva,185913.0,64.0,,,,,,,,,,,,0.2831204710894253,,,348.0,427.0,249.0,660.0,1.0,367.0
Agartala,522613.0,179.0,18087.0685604888,,138.3928571428571,,,,,,,21.71650675,0.0,,,,,,,,,
Agra,1585704.0,211.0,29145.1450257529,,82.20679576178297,,162.4340479140299,,,,,22.98831421,0.0,,,,977.0,942.0,844.0,938.0,968.0,380.0
Aligarh,1131160.0,116.0,33908.8124648919,,59.03614457831326,,,,,,,20.82081634,0.0,,,,924.0,832.0,614.0,951.0,975.0,380.0
Amritsar,1132383.0,150.0,38998.4027521152,,116.5270373191165,,,22.0829177945576,,,,27.06739749,0.0,,,,717.0,396.0,822.0,813.0,797.0,380.0
Asansol,563917.0,333.0,61686.5445664152,,38.95348837209303,,,,,,,23.54401083,0.0,,,,905.0,592.0,870.0,872.0,993.0,380.0
Aurangabad,1371330.0,13.0,27056.3226949436,,62.41610738255034,,,,,,,,0.0,,,,842.0,807.0,759.0,873.0,739.0,380.0
Bareilly,1000000.0,110.0,29642.9998254539,,61.25461254612546,,,,,,,23.60013263,0.0,0.2229902999220708,,,929.0,895.0,705.0,935.0,935.0,380.0
Begusarai,252008.0,134.0,30548.8694206947,,,,,,,,,24.6247906,0.0,,,,,,,,,
Belagavi,488157.0,84.0,23324.1773408683,,92.99363057324841,,,,,,,24.126866,0.0,0.3967842119751168,,,777.0,660.0,792.0,852.0,552.0,380.0
Berhampore,634220.0,138.0,56249.7065873496,,,,,,,,,18.89478306,0.0,0.2787076725134632,,,833.0,642.0,825.0,850.0,850.0,380.0
Bhopal,1798218.0,219.0,24987.405126021,,70.64793130366901,,,,,,,24.21573602,0.0,0.3036301261716384,,,792.0,416.0,702.0,958.0,819.0,380.0
Bhubaneshwar,837737.0,144.0,17905.712413496,,125.8992805755396,,,,,,,24.52008931,0.0,,,,704.0,434.0,631.0,894.0,741.0,380.0
Bikaner,529007.0,87.0,15128.7935135074,,93.58974358974359,,,,,,,24.15444242,0.0,,,,844.0,738.0,793.0,841.0,896.0,380.0
Bilaspur,1625502.0,13.0,21477.3111025884,,79.83193277310924,,,,,,,,0.0,,,,879.0,841.0,672.0,914.0,856.0,380.0
Bokaro,48086.0,98.0,30139.9380809612,,106.0240963855422,,,,,,,26.30195661,0.0,,,,993.0,953.0,879.0,899.0,1000.0,380.0
Coimbatore,959823.0,366.0,19988.4964889858,,227.3618188945512,,,,,,230.79,22.89523828,0.0,0.1884669880405608,,,669.0,564.0,420.0,837.0,857.0,380.0
Dehradun,578420.0,116.0,14506.9625321948,,127.6408450704225,,,,,,,22.86900184,0.0,,,,745.0,627.0,550.0,887.0,745.0,380.0
Dhanbad,1162472.0,284.0,36772.2227801956,,67.19893546240851,,,,,,,20.7039951,0.0,,,,978.0,977.0,716.0,907.0,995.0,380.0
Erode,151184.0,191.0,12162.999113575,,106.090373280943,,,,,,,23.71313076,0.0,,,,870.0,577.0,934.0,831.0,874.0,380.0
Faizabad,165228.0,115.0,33879.5096210399,,,,,,,,,,0.0,,,,981.0,828.0,953.0,911.0,981.0,380.0
Farrukhabad,275754.0,45.0,33124.0169239832,,,,,,,,,20.82909478,0.0,,,,,,,,,
Fatehpur,193193.0,5.0,,,,,,,,,,,,,,,,,,,,
Gorakhpur,673446.0,171.0,23803.3283436361,,84.39716312056737,,,,,,,20.16833866,0.0,,,,948.0,751.0,886.0,918.0,979.0,380.0
Guntur,647508.0,95.0,25245.5959752564,,72.15189873417721,,,,,,,24.31816814,0.0,,,,862.0,645.0,927.0,854.0,694.0,380.0
Guruvayur,38138.0,523.0,,,,,,,,,,,,,,,,,,,,
Guwahati,1116267.0,187.0,18068.5095761222,,151.2915129151291,,,,,,,20.53742159,0.0,,,,770.0,492.0,548.0,934.0,895.0,380.0
Gwalior,1069276.0,107.0,28150.5226640655,,68.38185511171294,,,,,,,23.19329548,0.0,,,,864.0,589.0,746.0,952.0,894.0,380.0
Indore,1994397.0,280.0,37409.5524256441,,74.9003984063745,,,3.66535914089126,,,,23.36100542,0.0,,,,843.0,354.0,830.0,976.0,815.0,380.0
Jabalpur,1267564.0,119.0,25811.4479052107,,77.62557077625571,,,,,,,22.94233718,0.0,,,,936.0,698.0,905.0,954.0,838.0,380.0
Jalandhar,873725.0,132.0,17830.9363046996,,121.8884120171674,,,,,,,26.03693907,0.0,,,,672.0,400.0,662.0,827.0,816.0,380.0
Jammu,502197.0,134.0,15180.4255538697,,134.1795104261106,,,,,,,24.51238726,0.0,,,,897.0,666.0,890.0,925.0,795.0,380.0
Jamshedpur,1558000.0,150.0,32034.6399666628,,79.48051948051948,,567.7896169764808,,,,,24.81530544,0.0,,,,933.0,790.0,876.0,874.0,976.0,380.0
Jaunpur,180362.0,35.0,39222.1048772333,,,,,,,,,,0.0,,,,,,,,,
Jodhpur,1033918.0,173.0,14405.8725041282,,155.6446225784903,,156.7038761657995,,,,,29.83350822,0.0,,,,798.0,595.0,806.0,839.0,833.0,380.0
Kochi,677381.0,726.0,16657.7863393598,,184.7963040739185,,84.15105400772192,3.34212012803615,,,,24.04230815,0.0216542417532516,0.1698806277035284,,,521.0,259.0,560.0,765.0,790.0,380.0
Kota,1001694.0,129.0,19942.8067986399,,110.9215017064846,,,,,,,26.42397611,0.0,,,,915.0,547.0,813.0,941.0,996.0,380.0
Krishnanagar,153062.0,34.0,60834.5984169444,,,,,,,,,,0.0,,,,,,,,,
Kuchai Kot,8510.0,406.0,,,,,,,,,,,,,,,,,,,,
Ludhiana,1618879.0,254.0,23165.251692354,,96.14512471655328,,,,,,,23.93443357,0.0,,,,730.0,446.0,775.0,823.0,849.0,380.0
Madurai,1561129.0,128.0,29220.9284086763,,73.2421875,,,,,,,21.50023498,0.0,,,,691.0,440.0,576.0,829.0,927.0,380.0
Mangaluru,623841.0,241.0,11447.1139961945,,200.2670226969292,,,,,,125.15,29.09176505,0.0,,,,779.0,612.0,865.0,791.0,768.0,380.0
Meerut,1305429.0,238.0,24956.4814835105,,80.0596718050721,,,,,,,22.60110437,0.0,,,,946.0,814.0,875.0,910.0,949.0,380.0
Mirzapur,2496970.0,61.0,32037.0023791663,,,,,,,,,,0.0,,,,,,,,,
Moradabad,887871.0,149.0,39637.2372628649,,48.3271375464684,,,,,,,20.95178713,0.0,,,,854.0,744.0,671.0,903.0,929.0,380.0
Muzaffarnagar,10793.0,98.0,32621.9522950552,,40.22988505747126,,,,,,,24.4582185,0.0,,,,,,,,,
Muzaffarpur,333200.0,204.0,19174.4067755145,,,,,,,,,19.17598288,0.0,,,,,,,,,
Nagpur,2405665.0,260.0,26762.4193317827,,109.6478671628972,,,4.57875457875457,,,,24.12270318,0.0351027078008248,,,,744.0,499.0,588.0,867.0,911.0,380.0
Nashik,1486053.0,179.0,21737.1833933541,,74.58563535911603,,1243.254031942426,,,,,28.50229206,0.0,,,,826.0,695.0,754.0,861.0,845.0,380.0
Prayagraj,5954391.0,141.0,34088.3839778216,,50.04101722723544,,,,,,,23.67987233,0.0,,,,966.0,880.0,871.0,927.0,987.0,380.0
Puducherry,244377.0,94.0,28763.9260070977,,78.125,,1498.523938673758,,,,,24.47798887,0.0,,,,646.0,734.0,440.0,782.0,663.0,380.0
Raipur,1010087.0,191.0,19014.8406899135,,99.370188943317,,405.3834879652958,,,,,25.04404118,0.0,,,,832.0,639.0,669.0,896.0,953.0,380.0
Rajkot,1335397.0,119.0,24050.6820996495,,67.92199058507062,,,5.43365762782032,,,,24.41502511,0.0,,,,935.0,827.0,904.0,940.0,719.0,380.0
Ranchi,1073440.0,146.0,25931.5382600218,,85.47008547008546,,,,,,,20.47501475,0.0,,,,945.0,897.0,841.0,900.0,886.0,380.0
Salem,693236.0,,18842.382818451,,89.15054667788057,,987.1471754592066,,,,,,0.0,,,,767.0,561.0,689.0,828.0,916.0,380.0
Sangli,436639.0,82.0,19965.5151832781,,93.65558912386707,,,,,,,25.72588353,0.0,,,,943.0,850.0,963.0,866.0,627.0,380.0
Solapur,951558.0,82.0,27631.331446584,,60.07393715341959,,,,,,,24.77144578,0.0,,,,848.0,788.0,810.0,870.0,698.0,380.0
Srinagar,1180570.0,155.0,43301.3625884985,,143.5643564356436,,,,,,,21.19881684,0.0,,,,761.0,664.0,637.0,825.0,842.0,380.0
Sultanpur,20553.0,31.0,32333.9666266836,,,,,,,,,,0.0,,,,1000.0,998.0,982.0,960.0,989.0,380.0
Thiruvananthapuram,743691.0,378.0,24033.8721720263,,109.7860399859698,,796.2479185087504,,,,,24.43554764,0.0,,,,686.0,437.0,897.0,748.0,695.0,380.0
Tiruppur,877778.0,185.0,12912.5003532654,,112.1898597626753,,,,,,,24.97592762,0.0,,,,804.0,680.0,781.0,835.0,811.0,380.0
Udaipur,451100.0,106.0,13390.3975699635,,115.1419558359622,,,,,,,25.73292984,0.0,,,,796.0,517.0,866.0,812.0,885.0,380.0
Vadodara,2065771.0,228.0,22170.9510063659,,85.24289642529789,,,,,,,25.8875849,0.0,,,,806.0,506.0,757.0,904.0,872.0,380.0
Varanasi,1198491.0,480.0,32309.2850305717,,53.88665221430784,,,,,,,,0.0,,,,911.0,712.0,715.0,908.0,998.0,380.0
Vasai-Virar,1222390.0,172.0,43633.6395639661,,,,,,,,,,0.0,,,,748.0,428.0,652.0,950.0,618.0,380.0
Vellore,696110.0,101.0,23262.8499869815,,71.53284671532846,,,,,,,27.08397939,0.0,,,,729.0,621.0,571.0,810.0,908.0,380.0
Vijayawada,1048240.0,123.0,27839.5519033655,,73.86363636363636,,,,,,,24.05701004,0.0,0.4574175140156729,,,973.0,921.0,956.0,853.0,901.0,380.0
Visakhapatnam,2035922.0,210.0,33226.9270548066,,156.1097256857855,,84.80966673196592,,,,,25.1353866,0.0,,,,821.0,634.0,782.0,814.0,960.0,380.0
Balikpapan,598043.0,107.0,14586.7746998762,,178.3625730994152,,699.9541661135243,,,,,24.31223716,0.0,,,,,,,,,
Bandar Lampung,1166761.0,171.0,12257.1058184107,,110.4166666666667,,,,,,,25.98449821,0.0,0.1380737816117235,,,519.0,372.0,451.0,815.0,109.0,480.0
Banjarmasin,692793.0,125.0,17807.265149772,,82.07070707070707,,2010.620176258644,,,,,23.38845619,0.0,,,,,,,,,
Cilacap,1174964.0,116.0,13398.1177947479,,,,,,,,,,0.0,,,,,,,,,
Cilegon,387543.0,194.0,12372.1891311044,,225.0922509225092,,,,,,,,0.0,,,,,,,,,
Cirebon,316126.0,337.0,16574.1515942777,,92.4956369982548,,,,,,,24.38896271,0.0,0.1787486082360789,,,731.0,419.0,747.0,876.0,762.0,480.0
Denpasar,1779122.0,417.0,11192.4196349791,,132.7300150829563,,272.8261153421218,,,,,24.19237445,0.0,,,,495.0,305.0,728.0,730.0,153.0,480.0
Garut,127583.0,276.0,23139.7940800312,,,,,,,,,,0.0,0.2218409366168797,,,,,,,,
Jambi,612162.0,112.0,12423.063734867,,190.5263157894737,,562.8662552578397,,,,,25.25889155,0.0,0.0707898082610857,,,610.0,500.0,499.0,842.0,354.0,480.0
Jember,298585.0,429.0,14304.0876136836,,,,,,,,,,0.0,,,,,,,,,
Kuningan,111742.0,157.0,15320.229649649,,,,,,,,,,0.0,,,,,,,,,
Madiun,210115.0,315.0,,,,,,,,,,,,,,,,,,,,
Magelang,124912.0,205.0,14458.2950503175,,,,,,,,,,0.0,,,,,,,,,
Makassar,1338663.0,373.0,18002.5633941944,,92.45867768595042,,,,,,,21.76245251,0.0,0.3153351178596649,,,454.0,301.0,472.0,774.0,103.0,480.0
Mataram,408900.0,220.0,15888.6604414018,,,,3349.65016577436,,,,,27.5858237,0.0,,,,507.0,408.0,483.0,784.0,150.0,480.0
Medan,3632000.0,739.0,15062.8125231551,,118.9471070275639,,3.818132515717847,,,,104.29,22.25962465,0.0,0.2959369607630702,,,470.0,266.0,390.0,821.0,228.0,480.0
Mojokerto,130196.0,194.0,,,,,,,,,,,,,,,,,,,,
Padang,914970.0,178.0,14030.5780218717,,107.8107810781078,,,,,,,24.7559777,0.0,,,,479.0,299.0,366.0,800.0,386.0,480.0
Palembang,1535952.0,291.0,20356.421918747,,106.3315611406477,,,13.3257403189066,,,,24.82590859,0.0,0.1729580321138489,,,517.0,334.0,460.0,793.0,522.0,480.0
Pati,122785.0,463.0,,,,,,,,,,,,0.234373544480512,,,,,,,,
Pekalongan,298386.0,339.0,13356.9209328972,,,,,,,,,26.30633685,0.0,0.4126775876857607,,,706.0,663.0,732.0,811.0,393.0,480.0
Pekanbaru,983356.0,211.0,10049.6649582334,,219.3548387096774,,186.8144165612673,,,,,27.38691196,0.0,,,,562.0,436.0,591.0,767.0,281.0,480.0
Pontianak,618388.0,170.0,14420.5563724255,,,,,,,,,25.57023512,0.0,,,,618.0,473.0,718.0,789.0,371.0,480.0
Purwokerto,230235.0,379.0,13432.0864591328,,,,,,,,,,0.0,,,,,,,,,
Samarinda,753370.0,141.0,20901.6617946462,,97.77347531461761,,,,,,,24.39401931,0.0,0.3204175210134799,,,613.0,696.0,564.0,809.0,21.0,480.0
Semarang,1621384.0,746.0,15242.3690803582,,111.6860715825787,,3248.537030809935,,,,,24.03860423,0.0,0.3937301630526296,,,537.0,360.0,444.0,796.0,586.0,480.0
Sumenep,84656.0,91.0,,,,,,,,,,,,,,,,,,,,
Tasikmalaya,678027.0,533.0,21842.7426693918,,63.00813008130081,,,,,,,26.23696216,0.0,,,,795.0,676.0,744.0,886.0,639.0,480.0
Tegal,275789.0,629.0,13021.6000349011,,,,,,,,,,0.0,,,,,,,,,
Yogyakarta,422732.0,1555.0,9819.87753472309,,146.5736040609137,,,,,,,25.83583429,0.0,,,,489.0,342.0,296.0,790.0,634.0,480.0
Ahwaz,1261042.0,188.0,60326.9398238688,,166.0,,,,,,,34.11498756,0.0,0.5232500841029465,,,650.0,758.0,288.0,707.0,626.0,928.0
Ardabil,529374.0,67.0,,,106.1643835616438,,723.2299420280605,,,,,27.79245601,,0.7944792813471397,,,,,,,,
Kerman,15817.0,100.0,,,286.5168539325843,,4760.871665175279,,,,,33.83174479,,0.6192458803827477,,,807.0,918.0,315.0,705.0,956.0,928.0
Kermanshah,952285.0,121.0,14407.2619388221,,134.2364532019704,,1999.801392832228,,,,,32.12166432,0.0,,,,820.0,851.0,471.0,756.0,820.0,928.0
Qom,1201158.0,104.0,13882.2399625882,,139.7970687711387,,,,,,,32.61406643,0.0,0.4749676215514428,,,688.0,742.0,237.0,725.0,897.0,928.0
Rasht,679995.0,85.0,13114.6580172534,,116.1048689138577,,3061.623101655847,,,,,25.50793674,0.0,,,,762.0,769.0,409.0,738.0,814.0,928.0
Yazd,529673.0,110.0,,,389.0977443609023,,5477.489954555964,,,,,35.32006239,,,,,,,,,,
Zahedan,587730.0,70.0,13653.7927262677,,170.9558823529412,,566.8931910888474,,,,,,0.0,,,,908.0,893.0,630.0,752.0,970.0,928.0
Hamamatsu,788211.0,330.0,,,,,184.4812302266842,,,,,23.89585457,,,,,315.0,753.0,673.0,52.0,198.0,26.0
Kanazawa,462479.0,175.0,5390.77859085838,,325.5395683453237,,13151.39935219999,,,,,25.42863167,0.0,0.7702952963137015,,,333.0,581.0,799.0,156.0,204.0,26.0
Kitakyushu,935084.0,531.0,6346.163468476,,368.0943513345748,,1298.818432565204,,,,,28.23189364,0.0,0.7007120813860958,,,398.0,775.0,864.0,222.0,423.0,26.0
Kumamoto,738385.0,223.0,5980.53117829486,,267.8843226788432,,1795.153720558552,0.0,,,,23.24053462,0.0,,,,295.0,340.0,656.0,243.0,358.0,26.0
Moriyama [Otsu],342607.0,218.0,6994.09961512532,,,,1770.04336582542,,,,,,0.0,,,,,,,,,
Naha,316048.0,267.0,7800.92035801647,,290.7608695652174,,1262.060258228284,,,,,23.32719986,0.0,,,,300.0,337.0,553.0,319.0,379.0,26.0
Okayama,720043.0,398.0,4804.03620217685,,,,5366.320935267812,0.0,,,,28.58130476,0.0,0.6402493205398886,,,330.0,632.0,647.0,138.0,534.0,26.0
Shizuoka,685589.0,185.0,,,278.8104089219331,,331.6223077580202,9.85086879190039,,,,26.23459994,,,,,,,,,,
Takasaki [Maebashi],372639.0,,3114.08693329713,,,,871.4372513840029,,,,,,0.0,,,,,,,,,
Nur-Sultan,1078362.0,147.0,,,,,,,,,,26.50818023,,,,,,,,,,
Shymkent,1028673.0,148.0,7827.3895621983,,289.2622352081812,,612.3604253746831,,,,,27.36583516,0.0,0.1449364565020961,,,482.0,566.0,264.0,523.0,806.0,605.0
Bukit Mertajam,210000.0,183.0,,,,,,,,,,,,0.5339929675979759,,,,,,,,
George Town,27704.0,135.0,18037.4768468311,,,,,,,,,,0.0,0.6969317767106529,,,,,,,,
Ipoh,866772.0,212.0,7773.57909738358,,385.1351351351352,,,,,,,29.21032203,0.0,0.5110407583483023,,,465.0,447.0,690.0,398.0,787.0,334.0
Kota Kinabalu,452058.0,161.0,12767.9563639148,,,,476.6245245497272,,,,,31.08192764,0.0,,,,391.0,693.0,407.0,386.0,140.0,334.0
Malé,133019.0,8.0,,,,,,,,,,,,0.9772824410407114,,,511.0,481.0,762.0,656.0,6.0,827.0
Majuro,30000.0,,,,,,,,,,,,,,,,,,,,,
Palikir,6227.0,,,,,,,,,,,,,,,,,,,,,
Itahari,74501.0,71.0,41743.2536480604,,,,,,,,,,0.0,0.3317754673050815,,,,,,,,
Abbottabad,148587.0,72.0,20659.3193255447,,,,884.6027075554204,,,,,,0.0,0.2000051395332499,,,949.0,885.0,842.0,834.0,786.0,874.0
Faisalabad,3203846.0,403.0,40991.2534107,,58.43913368185213,,196.978414029078,,,,,24.36228947,0.0,0.3408082762688743,,,955.0,890.0,736.0,928.0,791.0,874.0
Gujranwala,2027001.0,259.0,31118.2572604627,,67.74394033561218,,,,,,,25.56873785,0.0,0.1832067880211906,,,987.0,925.0,921.0,906.0,756.0,874.0
Gujrat,390533.0,80.0,32003.6916213938,,,,,,,,,25.66894333,0.0,,,,,,,,,
Hyderabad (Pakistan),1732693.0,100.0,65797.2046131917,,,,,,,,,23.68878262,0.0,,,,985.0,963.0,843.0,860.0,904.0,874.0
Mardan,358604.0,148.0,22865.5355043182,,,,,,,,,26.41780032,0.0,0.236661433850272,,,941.0,878.0,828.0,819.0,800.0,874.0
Multan,1871843.0,329.0,23671.6078065507,,80.84800574919151,,,8.81953867028493,,,,25.69029907,0.0,0.2574532513489719,,,954.0,867.0,763.0,888.0,893.0,874.0
Peshawar,1970042.0,367.0,18915.0211361253,,90.14514896867838,,46.579396624273,10.6504709092509,,,,24.19562902,0.0,0.115110277252704,,,895.0,759.0,734.0,816.0,889.0,874.0
Quetta,1001205.0,100.0,12520.6215527832,,199.7991967871486,,,,,,,20.18407144,0.0,0.1278569745523797,,,940.0,778.0,892.0,830.0,831.0,874.0
Rawalpindi [Islamabad],2098231.0,400.0,20151.9015650122,,155.8336697618086,,462.8331711067919,,,,,33.68986529,0.0,0.3126779048109854,,,,,,,,
Sargodha,659862.0,72.0,30684.2423732309,,61.84586108468125,,,,,,,23.98181618,0.0,0.2846412159776465,,,,,,,,
Sialkot,655852.0,243.0,29999.3387488209,,58.20476858345021,,252.3899269817514,,,,,22.61000451,0.0,0.1476957236738743,,,976.0,904.0,836.0,922.0,844.0,874.0
Koror City,8744.0,,,,,,,,,,,,,,,,,,,,,
Port Moresby,700000.0,52.0,,,,,,,,,,,,0.4077415978290203,,,778.0,886.0,489.0,913.0,32.0,797.0
Angeles (San Fernando),462928.0,263.0,125348.710948058,,261.2359550561798,,239.3972173178313,,,,,21.32519196,0.0,,,,502.0,498.0,634.0,550.0,191.0,614.0
Bacolod,600783.0,96.0,27182.2015142935,,135.8428805237316,,,,,,,24.37704222,0.0,0.3122878105181596,,,538.0,546.0,739.0,695.0,12.0,614.0
Cagayan de Oro,728402.0,113.0,27686.7619460087,,,,630.4512396064716,,,,,23.29696741,0.0,0.139248194534561,,,487.0,450.0,514.0,626.0,338.0,614.0
Changwon,1046054.0,121.0,15310.1541533496,,155.1020408163265,,,,,,,,0.0,,,,435.0,907.0,824.0,178.0,394.0,148.0
Cheongju-si,833276.0,88.0,17039.1442584885,,,,2055.179050881147,,,,,,0.0,,,,,,,,,
Jeonju,631532.0,91.0,15378.3427490951,,141.6666666666667,,28890.87219997199,,,,,,0.0,,,,365.0,842.0,552.0,142.0,466.0,148.0
Astrakhan,532504.0,173.0,6662.34507269333,,441.2265758091993,,1075.113145167209,,,,,,0.0,0.3709668007961223,,,937.0,983.0,827.0,647.0,670.0,946.0
Barnaul,633301.0,128.0,6941.59065085359,,417.6570458404075,,646.2712093618035,0.0,,,,,0.0,0.4414697150256067,,,902.0,934.0,730.0,701.0,774.0,946.0
Chelyabinsk,1202371.0,301.0,8352.72531517854,,358.2608695652174,,2931.306802179256,,,,,,0.0,,,,786.0,923.0,527.0,575.0,749.0,946.0
Izhevsk,646277.0,126.0,11968.7671413025,,442.7480916030534,,4819.451070665566,,,,,,0.0,,,,893.0,954.0,804.0,563.0,748.0,946.0
Krasnodar,948827.0,215.0,6243.11834505359,,392.7738927738928,,2988.684435921648,,,,,,0.0,,,,583.0,402.0,584.0,573.0,515.0,946.0
Krasnoyarsk,1083865.0,219.0,11823.2837297994,,488.8438133874239,,2006.906621441292,,,,,,0.0,,,,776.0,821.0,484.0,688.0,776.0,946.0
Makhachkala,592976.0,127.0,11440.1558267932,,286.0061287027579,,23.57534522316152,,,,,,0.0,,,,707.0,785.0,567.0,648.0,467.0,946.0
Omsk,1178391.0,296.0,7834.76246237801,,498.158379373849,,5617.816456815379,,,,,,0.0,,,,852.0,902.0,682.0,693.0,732.0,946.0
Saratov,845300.0,184.0,10992.3805609569,,504.1551246537396,,5921.782755188511,,,,,,0.0,,,,813.0,926.0,624.0,638.0,645.0,946.0
Tolyatti,693072.0,132.0,,,481.532147742818,,,,,,,,,0.3882862260856937,,,,,,,,
Tomsk,572740.0,143.0,,,457.7039274924471,,11349.07359466607,,,,,,,,,,702.0,848.0,400.0,643.0,628.0,946.0
Tyumen,744554.0,155.0,8336.12152903035,,434.0101522842639,,,,,,,,0.0,0.642362865522455,,,599.0,504.0,356.0,694.0,601.0,946.0
Ufa,1115560.0,175.0,14887.0022175687,,341.5354330708661,,1699.240553377471,,,,,,0.0,0.4151483138281873,,,719.0,797.0,427.0,691.0,649.0,946.0
Vladivostok,606589.0,170.0,,,522.5903614457832,,811.6333607390443,,,,,,,,,,783.0,834.0,720.0,655.0,537.0,946.0
Volgograd,1015586.0,228.0,8387.57577830319,,530.2114803625377,,6008.448260709606,0.0,,,,,0.0,,,,855.0,974.0,611.0,582.0,735.0,946.0
Voronezh,1050602.0,229.0,10446.8507846709,,564.0785781103835,,2195.322341838903,,,,,,0.0,,,,674.0,633.0,561.0,627.0,635.0,946.0
Yaroslavl,608079.0,166.0,11357.2321005707,,481.7275747508306,,4589.997251432798,0.0,,,,,0.0,,,,838.0,859.0,873.0,518.0,656.0,946.0
Honiara,84520.0,23.0,,,,,,,,,,,,0.1901551770780817,,,,,,,,
Kandy,161000.0,216.0,7879.2072066193,,,,77.23556486359061,,,,,,0.0,0.3994592891328256,,,675.0,771.0,714.0,711.0,366.0,624.0
Hsinchu,499348.0,189.0,13212.9958158254,,161.6161616161616,,,,,,,27.53490562,0.0,,,,214.0,752.0,119.0,51.0,296.0,98.0
Tainan,1874686.0,239.0,10876.9362665116,,231.6636851520572,,1535.003963233569,,,,,24.19810205,0.0,,,,291.0,728.0,354.0,139.0,177.0,98.0
Dushanbe,863400.0,144.0,22217.6508952896,,170.5163043478261,,,,,,,27.7165979,0.0,0.3874902571628149,,,725.0,716.0,369.0,763.0,855.0,915.0
Dili,222323.0,43.0,,,,,,,,,,,,0.3026570539422888,,,,,,,,
Ashgabat,828100.0,119.0,17633.2124109508,,248.1869460112812,,434.8220657732043,,,,,,0.0,0.4884997948290175,,,673.0,722.0,155.0,805.0,744.0,927.0
Namangan,626120.0,199.0,6086.38445381386,,350.8891928864569,,,,,,,30.03333692,0.0,0.1647188363242311,,,,,,,,
Qarshi,274891.0,171.0,,,,,950.8552323022841,,,,,,,0.2878345735454705,,,,,,,,
Samarkand,546303.0,197.0,5686.28783048768,,402.5356576862123,,4581.231645165095,,,,,27.64429974,0.0,,,,,,,,,
Can Tho,1237300.0,140.0,20696.2696740929,,102.5930101465614,,,,,,,,0.0,,,,639.0,694.0,916.0,426.0,253.0,820.0
Haiphong,2103500.0,264.0,12078.8328709665,,,,715.569591603432,,,,,,0.0,0.2845997898225025,,,608.0,644.0,895.0,346.0,752.0,820.0
Long Xuyen,278658.0,135.0,10552.7434275444,,,,,,,,,,0.0,0.3018173067446009,,,,,,,,
My Tho,270700.0,146.0,,,,,,,,,,,,,,,,,,,,
Accra,2388000.0,846.0,13680.7666068127,,211.2359550561798,,44.91491939124851,,,,,25.08437203,0.0,0.1200508857481935,0.0430276642651385,0.0315534419313606,446.0,459.0,230.0,718.0,565.0,369.0
Baoji,,170.0,25286.4967706994,,272.125723738627,,,,,,,,0.0,,,,896.0,930.0,980.0,502.0,772.0,637.0
Cixi,,556.0,10491.2714966077,,280.0218340611354,,,,,,,,0.0,,,,,,,,,
Datong,,210.0,34753.4171746367,,260.9929078014184,,,,,,,,0.0,,,,837.0,912.0,906.0,497.0,912.0,637.0
Xinxiang,,124.0,60755.8636106931,,219.8649951783992,,827.3118739648837,,,,,,0.0,,,,885.0,869.0,920.0,624.0,982.0,637.0
Xuzhou,,362.0,26564.1724384957,,267.0262980445044,,261.057821366206,29.698905109489,,,,,0.292299542360481,,,,757.0,777.0,826.0,490.0,962.0,637.0
Yichang,,143.0,54560.2400410078,,131.6042267050913,,,14.3893893893893,,,,,0.0,,,,598.0,398.0,820.0,560.0,779.0,637.0
Yueyang,,119.0,211062.870365028,,240.6976744186047,,973.5579833679998,,,,,,0.0,,,,628.0,370.0,889.0,419.0,966.0,637.0
Dharwad,,47.0,64082.8327082786,,104.5197740112994,,,28.9524477978592,,,,,0.0,,,,,,,,,
Durg,,175.0,22224.7113848338,,104.4083526682135,,,,,,,27.13493815,0.0,,,,,,,,,
Firozabad,,61.0,41168.0274341229,,43.37349397590361,,,,,,,23.27829775,0.0,,,,,,,,,
Kanpur,,243.0,32222.3520177751,,68.96551724137932,,,2.83441701912758,,,,21.04029283,0.0351513181767111,0.191894613816528,,,982.0,864.0,914.0,953.0,985.0,380.0
Kollam,,622.0,17700.8450299875,,131.3451776649746,,,,,,,26.46875208,0.0,,,,652.0,374.0,888.0,758.0,621.0,380.0
Kozhikode,,478.0,38388.3185038221,,168.9078386356182,,,,,,,25.748949,0.0,0.07111246933424421,,,580.0,392.0,607.0,783.0,620.0,380.0
Malegaon,,47.0,24426.2182932303,,62.5832223701731,,,,,,,23.98941702,0.0,0.2499213490215978,,,,,,,,
Mysuru,,139.0,16894.2116920385,,114.1975308641975,,395.3341443135737,,,,,27.47124364,0.0,,,,667.0,475.0,640.0,804.0,778.0,380.0
Saharanpur,,92.0,37832.4452518661,,45.13888888888889,,,,,,,21.98385443,0.0,,,,957.0,837.0,829.0,966.0,903.0,380.0
Tiruchirappalli,,151.0,27488.9647532441,,75.15473032714412,,,,,,,25.07778329,0.0,,,,634.0,413.0,562.0,820.0,726.0,380.0
Batam City,,160.0,21425.4814075827,,173.20028510335,,,,,,,29.29571305,0.0,,,,,,,,,
Urmia,,105.0,11255.2127875525,,132.3308270676692,,704.4996871338078,,,,,30.02896372,0.0,,,,,,,,,
Da Nang,,199.0,18412.5319671222,,314.787701317716,,922.8681172076847,,,,,,0.0,,,,371.0,324.0,435.0,344.0,453.0,820.0
Alappuzha,,194.0,12014.402232605,,,,,,,,,34.57004126,0.0,,,,,,,,,
Ettumanoor,,249.0,,,,,,,,,,28.14508451,,,,,,,,,,
Shahjahanpur,,75.0,32481.2414529929,,,,,,,,,22.56510217,0.0,,,,990.0,913.0,862.0,917.0,999.0,380.0
Hamedan,,75.0,,,,,3936.096704091495,,,,,31.515254,,,,,,,,,,
Wah Cantonment,,90.0,13006.913223282,,,,,,,,,25.43206036,0.0,,,,,,,,,
Rostov-on-Don,,230.0,10360.0930228191,,,,812.4393743850684,,,,,,0.0,,,,696.0,688.0,554.0,674.0,525.0,946.0
Chapainawabganj,,107.0,23709.0906512781,,,,,,,,,,0.0,,,,,,,,,
Homna,,269.0,,,,,,,,,,,,,,,,0.0,0.0,0.0,0.0,0.0
Kishoreganj,,299.0,36348.5463230812,,,,,,,,,,0.0,,,,,,,,,
Lakshmipur,,351.0,15956.5340309958,,,,,,,,,,0.0,,,,,0.0,0.0,0.0,0.0,0.0
Noakhali,,690.0,15956.5340309958,,,,,,,,,,0.0,,,,,,,,,
Sirajganj,,589.0,,,,,,,,,,,,,,,,,,,,
Binhai,,279.0,33625.9288104844,,,,,,,,,,0.0333763298385655,,,,,,,,,
Tianjia‘an,,184.0,96581.4632294676,,,,,,,,,,0.0,,,,,,,,,
Zhangjiagang,,290.0,10097.3261586175,,,,,,,,,,0.0,,,,814.0,615.0,952.0,545.0,969.0,637.0
Bahraich,,29.0,38678.5813216254,,,,,,,,,,0.0,,,,,,,,,
Gonda,,4.0,,,,,,,,,,,,,,,,,,,,
Hardoi,,25.0,,,,,,,,,,,,,,,998.0,992.0,973.0,946.0,974.0,380.0
Lakhimpur,,24.0,,,,,,,,,,,,,,,,,,,,
Pratapgarh,,12.0,,,,,,,,,,,,,,,,,,,,
Tamluk,,375.0,21349.7599351463,,,,,,,,,,0.0,,,,,,,,,
Thalassery,,254.0,25908.1166786438,,,,,,,,,,0.0,,,,,,,,,
Jombang,,251.0,,,,,,,,,,,,0.0707898082610857,,,,,,,,
Tulungagung,,231.0,6806.57466712368,,,,,,,,,,0.0,,,,,,,,,
Swat City,,101.0,,,,,,,,,,,,,,,,,,,,
Dagupan,,200.0,23311.9748770374,,,,,,,,,,0.0,,,,604.0,673.0,701.0,696.0,220.0,614.0
