Population,Area (2016),Population Density,Cost of Living Index (2016),Built-up areas per capita,Road Length per capita (2017),Pedestrian Streets per capita,Rapid Transit to Resident Ratio (RTR),Modal split (Passenger) - by trips - Car (2017),Modal split (Passenger) - by trips - Public Transport (2017),Traffic Index (2018),Average travel speed (2019),Share of population with access to open public spaces (2020),Surface transport SOx Concentration,Surface transport NOx Concentration,Oxford Economics Global Cities Index (Rank),Oxford Economics Global Cities Index (Economics),Oxford Economics Global Cities Index (Human Capital),Oxford Economics Global Cities Index (Quality of Life),Oxford Economics Global Cities Index (Environment),Oxford Economics Global Cities Index (Governance),country_code,region
0.3842923642249044,0.4914091181077008,-0.08798624212366887,,-0.5819062068878817,-0.3927225727592634,-0.1942583620968574,2.1927447157592446,,,,,-1.2861256769330662,-0.24835177619752352,0.42231659017036655,-0.4576205746622571,-1.1083715945356027,-0.6904547663989197,-0.2610395729553312,0.9073743040709694,0.520679522596761,CHN,East and Southeast Asia
0.4985927515129218,-0.2555287933921585,0.9668465435621054,,0.30307190882050034,-0.39113123942059613,-0.24791458601712926,0.01065479228934207,-0.43886190723895935,0.5705255784155417,,,-0.5717972180718105,,,0.44596592363526505,0.8241426829188465,0.07850156120912613,-0.1422667534249495,1.161938175139893,0.520679522596761,CHN,East and Southeast Asia
1.4405902628428073,0.6459742516800469,-0.161927795455985,-0.5194829146066666,0.8810208874629487,-0.404788563529657,-0.01457207378864093,0.9974188214678524,-0.5126763688821968,0.9530985307010856,1.0161365040678367,,2.0057394478685993,-0.28800465165006894,-0.4753184628907908,-0.38425244018510785,-0.9868544695841059,-0.8532518267483709,-0.32247378995380455,0.08096405596315978,1.6194500554746343,RUS,Europe and North America
0.17314099788573858,-0.2844621681495435,0.05598933836358833,0.1982912315185319,,-0.018337373350342582,-0.3037065800879917,-0.9366697849392731,-1.3000306264100616,1.4231167292233258,,,-1.2501049852038,-0.29490153483932385,-0.4137510901870242,0.9170665765938022,0.6791061144283503,-0.30944036983637446,1.8563931062587158,-1.7415656876317418,1.2176342942603957,TZA,Sub-saharan Africa
-0.5559915881627743,-0.40324128557459754,0.40450843459494756,-0.6075648594314296,0.2601958199750984,-0.13854435099169118,0.038582680725399755,0.07899378178361606,,,,1.2648325880179654,-0.9804899739540076,,,0.24516892401359344,0.8163028684058468,-0.7666576457114287,0.4843622599594784,0.9959182592253776,1.2496373194898485,UZB,Central and South Asia
0.3240986691442326,-0.01492494014653614,0.10812131277104045,,-0.7518072458505644,,,3.350151626059237,,,-1.2185974444766563,0.2165029246634352,-0.46902330706173645,,,-1.3110078230543614,-0.3988683811091213,-1.1511358095154516,-1.588018660122355,-1.2139912881700599,-1.3959460994782347,TWN,East and Southeast Asia
-0.4463806278883675,-0.5022238834288093,-0.24110072206266694,-1.2142995325594532,-0.8084266321883389,-0.3548480466909329,,-0.7775982830519512,,,,-0.44815654054413323,-0.35893796987392873,,,1.9905582284173542,1.4003690496243315,1.1349505698598197,1.926018552190319,1.4349487035326516,-0.39318464228871935,IND,Central and South Asia
-0.13713856291285237,2.029446407842375,-0.7508042349804396,0.7005457254129266,3.3347354208807087,0.2760345892542628,-0.19102315105706025,-1.1161538002150289,2.1323418400004743,-1.6483975448406127,-0.05153520519160661,,1.0878978903086856,,,-1.4924974188662568,-1.327886400899597,-1.158063343998407,-0.7115571642774688,-1.1475833218042537,-1.0901394139523541,USA,Europe and North America
2.7402330096632466,4.255032050364382,,-0.3929822491668469,-0.40659086933124483,-0.2947864130447748,-0.2700638370980837,1.3626597069798096,-0.7177165401134117,0.023992789436193422,,,-1.4585073310100394,-0.22609473145590664,0.8448192186664163,-0.5387116706633168,-0.9633350260451065,-1.036831490546688,0.3860675127619211,0.28387728652534516,0.520679522596761,CHN,East and Southeast Asia
-0.6373715701776154,-0.5075537156209592,-0.3974242250114714,,-0.8948459982056816,,-0.32486699052539164,-0.46914027913563694,,,,-0.1055551631029909,-1.7580163089499556,,,1.8940212093684736,1.6238037632448257,1.304675164692226,1.3198676111387155,1.0992195402388538,1.3634258536390131,PAK,Central and South Asia
-0.24908057475428208,0.24547543266992858,-0.7046477118404848,1.552316872707712,1.3991291588624153,0.7262387223367924,0.04466663046873091,0.1741668538148707,1.2506691037062507,-1.1237260674204383,0.06280272876363167,0.6317024774652852,-0.6116818125750497,-0.2952736647736416,-0.46942233272516287,-1.5002203803901673,-1.2769276065650983,-1.2065560853790946,-1.080162466268309,-0.8413688102285921,-1.680417434851147,AUS,Australia and New Zealand
-0.3857811326161405,-0.4390273017218895,1.0674198611017858,,-0.369304639777106,-0.41798280688455347,-0.3038077454010555,-0.5085630972719695,,,,,-0.46902330706173645,,,0.7008236539243098,1.1377352634388382,0.8959506301978595,-0.18322289809059836,0.9442676187186395,0.520679522596761,CHN,East and Southeast Asia
0.34019541007591786,1.2314943882176532,-0.8097855685386119,,1.0125278851572002,-0.16812332333620206,-0.26095163101583047,1.2792008654147207,-0.5536844031284398,0.056784756774954356,,0.11189162475760177,-0.46902330706173645,,,-0.9557515929544809,-0.36358921580062226,-0.5068751026006024,-1.4938195273913626,-0.5646689503710665,-1.6519703013138556,JPN,East and Southeast Asia
-0.7603107672101881,-0.534964281180587,-0.7616984067973169,,-0.009378733391480336,1.651202053414718,-0.2284922843110698,-0.7301429786647347,0.6150445728894848,-0.861390328710351,,-0.033757022663031086,-0.46902330706173645,,,-0.41900576704270487,0.8359024046883462,0.5149362336353143,-1.1170229964673928,-1.6972937100545378,-1.6519703013138556,JPN,East and Southeast Asia
-0.29879096295305024,-0.2646656485787011,-0.6894942957738693,0.6073100497739486,0.5503972071947072,-0.1659160648916406,0.24493605646149524,1.3696521133961617,-0.307636197650982,-0.3039268839514156,-1.542975521962571,-0.29175357336484564,1.213155678885107,-0.3019834646195924,-0.38073377171862227,-1.3959603998173762,-1.167170203383101,-1.0645416284785096,-1.5552537443898358,-0.47243566375189133,-1.3639430742487821,DEU,Europe and North America
-0.5102761675831354,-0.7770909436239665,-0.4699777625358956,,-0.26393072644693993,,-0.29082952176433097,-0.8566802612779629,,,,,-0.46902330706173645,,,0.6583473655428023,0.9848588804353423,0.8266752853683058,0.24681662089871487,0.30970260677871425,0.520679522596761,CHN,East and Southeast Asia
-0.1797801823081919,-0.7420663320755532,0.39516547700596377,-0.6272427407220683,-0.027803876704484805,-0.40696511896469123,,0.6054929659253007,,,,,-0.46902330706173645,,,-0.3070228249460034,-0.9907743768406058,-0.47570119742730327,-0.1299799100252548,1.176695500998961,0.520679522596761,CHN,East and Southeast Asia
-0.582922788408789,-0.5029852880276878,-0.2423307780279371,,0.22449214563350486,,-0.3064414947688214,-0.039149795657188645,,,,,-0.46902330706173645,,,1.291630210503459,0.8907811062793448,2.0043561474707183,-0.08902376535960593,1.206210152717097,0.520679522596761,CHN,East and Southeast Asia
1.4794118145015778,,0.3605289303181885,0.036651492345429304,-0.8219408231199422,,,0.9029196985219945,-0.7874301983320247,-0.8122023777022096,,-4.068675922886307,-1.2113462918232167,-0.2830383115280916,0.6265200904508201,-0.766539035618675,-1.2063692759481002,-1.0680053957199873,0.5089359467588677,-0.14039583192286068,0.520679522596761,CHN,East and Southeast Asia
,-0.6781083457697548,0.7749156252664016,,-0.6332317302195948,,,-0.24200188953054252,,,,,-0.46902330706173645,,,0.7471614230677724,0.20871724364836272,1.602559147459307,0.2713903076981042,0.693393079114483,0.520679522596761,CHN,East and Southeast Asia
1.8415208520992374,0.41983708581311696,1.0093097203005224,-0.7856028330133981,-0.7135460242711338,-0.4124206530387149,-0.31452097421783737,-0.9176940394346085,-0.2584265565554904,-0.08531376835967636,1.1529926049820014,-0.061159156833968026,-1.772994340337794,,,-0.29929986342209297,-0.716380868885613,-1.0402952577881657,0.9062105500156619,0.029313415456421677,1.2709726696428167,EGY,West Asia and North Africa
-0.7506789643968974,-0.6727785135776049,0.26310050509582433,,-0.7283715181709094,,,0.22537809257227454,,,,0.3648258809831356,-0.35893796987392873,,,1.206677633740444,0.2008774291353629,1.6094866819422624,1.3075807677390208,0.7598010454802892,-0.39318464228871935,IND,Central and South Asia
-0.7064441734495126,-0.5243046167962873,-0.6653553896910882,1.3025951887098461,0.30651650433009514,0.07948331672000468,8.141380369228687,2.4910271116040232,-0.02057995792728125,-0.6318465573390246,-1.7349623075003144,0.6345861473741352,1.7077432659744716,-0.30141657957500173,-0.28100037731221855,-1.4538826112467045,-1.1554104816136015,-1.1338169733080632,-1.772321311117775,-0.9151554395239322,-1.5204023087038838,NLD,Europe and North America
-0.7190540086018956,-0.2128901358549596,-0.48890947680220204,1.162975935742934,1.1026080376425607,-0.31769487913686967,1.435675796658404,0.728318065402913,-0.10259602641976724,0.5158722995176068,-0.8420005143015071,-0.5276276975393225,1.6339164268113544,-0.2772626686110515,-0.1999615864634364,-1.1719945156239733,-0.9554952115321067,-0.9086721026120138,-1.3750467078609807,-0.4207850232451532,-0.6634324108929859,ITA,Europe and North America
-0.25312924326542724,0.39318792485236764,-0.6771851283815392,1.8324924206077564,3.0361322677610016,-0.22818009622542143,-0.264704697412143,0.744431776930049,1.5090197194575812,-0.9925581980653946,0.4496881317734628,,0.4065430507494323,-0.30096668781900193,-0.40136802189063747,-1.511804822676033,-1.3082868646170975,-1.21348361986205,-1.1047361530676982,-1.0221460520021755,-1.0901394139523541,USA,Europe and North America
0.5921973290316296,0.4601915295536802,-0.44317118735013655,1.4511163403558558,0.15760878068845605,-0.4882334150620126,1.6319427260902697,3.535864505117965,-1.0867888483295982,0.07864606833412831,-0.4046433577630479,-1.199696662782856,0.3426752952097551,-0.3016132848747364,-0.3578530458141448,-1.5426966687716748,-1.3161266791300972,-1.2169473871035277,-1.7559388532515152,-0.6716595628493097,-1.1719249228720663,FRA,Europe and North America
-0.488970575392649,-0.5989222674863853,0.9097492699383168,,-0.694247346205556,,-0.16391784995760766,-0.3796762621490583,,,,,-0.46902330706173645,,,0.7819147499253695,0.4987903806293551,1.2596461905530163,0.5048403322923029,0.9664036075072415,0.520679522596761,CHN,East and Southeast Asia
-0.7526197714463749,-0.6864837963574189,-0.48741828101375245,-0.9851927718184467,-0.04345453853335564,0.00020519806366105854,-0.14284899503140117,0.4366275452616402,,,-0.738339297438863,0.5496705591131085,1.513334755413344,,,-0.17959395980148105,0.44391167903835654,-0.6038605853619776,0.03794028310390559,-0.6236982538073387,-0.460746584439786,GEO,Central and South Asia
-0.5784462712290142,-0.5890240077009642,-0.1393302110479969,,-0.7717803242281267,,,-0.8379955715882395,,,,-0.11750004414699015,-0.35893796987392873,,,1.310937614313235,0.6046278765548523,0.7989651474364844,1.5287439489335248,1.180384832463728,-0.39318464228871935,IND,Central and South Asia
-0.7418003267391331,-0.534964281180587,-0.7630209587203294,,-0.1246325585118414,1.0220111276667903,-0.25690729224151304,-0.10755581125587162,-1.0867888483295982,1.0624050884969554,,-0.03460617476197878,-0.46902330706173645,,,-0.44989761313834664,0.6203075055808519,0.5946028801893011,-1.3218037197956372,-1.5202057997457215,-1.6519703013138556,JPN,East and Southeast Asia
-0.49248886305343165,-0.453493989100582,-0.5084585035704026,0.3416586523503275,-0.3519116862347019,-0.34388145172457046,3.2560551404046687,0.18422312831168167,0.5945405557663632,0.2972591839258676,-0.615265867680593,,2.5062329892441784,-0.3014465873386061,-0.4658305107317609,-0.4151442862807497,0.616387598324352,-0.6523533267426652,-0.7033659353443391,-1.309913906254002,-0.5069731764378842,GRC,Europe and North America
-0.2591314338987186,-0.4656764626826388,1.3006876374823955,,-0.5243146596040076,-0.26486478287091825,-0.2963627640012476,0.7310897746952861,,,,,-0.46902330706173645,,,0.3571518661102949,0.18127789285286344,0.5807478112233903,-0.1381711389583846,0.8003836915927263,0.520679522596761,CHN,East and Southeast Asia
0.17396544860824803,-0.3773535292127268,0.1886552944303117,-0.7485896753476732,-1.1177630789122919,-0.3437728646305815,0.12368022958462546,-0.6085245199502854,-0.9637647455908694,0.8711186123541833,0.32525584711249866,,0.6580408593848651,,,-0.34177615180360044,-0.44982717544362,-0.9467735422682683,0.7505772002861961,-0.07029853409228752,0.03707825246281029,COL,Latin America
2.209446359109187,1.0776906592441857,-0.07528688428654251,1.483444288190477,-0.7113470562161882,-0.43221244285292376,-0.20292083786496493,3.9481529112656664,-0.6315996681963013,1.8603429604068036,-0.9747800505075906,,0.19428974577103278,-0.2836328925817779,-0.23259564853377918,-1.4036833613412867,-1.0887720582531033,-1.2204111543450054,-0.9081466586725835,0.0883427188926938,-1.2181515148701647,KOR,East and Southeast Asia
0.1794985342201017,-0.5105993340164734,0.6940215221285216,-1.3005073934517748,-1.0656465417307452,-0.4301767678031535,-0.3041465033009802,-0.5439310406532253,,-0.9051129518286989,-0.2829287829074717,-0.24074349934377062,-0.82132945523399,,,0.9634043457372649,0.12247928400536498,0.17548704397050127,1.815436961593067,0.8188303489165613,-0.39318464228871935,IND,Central and South Asia
0.1782811336454364,0.4601915295536802,-0.26622051505978966,-0.4487362461569895,0.1756459664634443,-0.20523816798099598,-0.3087720711370651,-0.6827697938969041,-0.06158799217352425,0.023992789436193422,0.8053198720213354,0.6201739647080645,-1.5540043738410818,-0.23702295407633078,-0.4231205228105324,-0.09464138303846616,-0.12839478041062843,-1.102643068134764,1.7580983590611585,-0.8339901472990581,-0.425187667518172,ZAF,Sub-saharan Africa
-0.35094683837285995,-0.34689734525758475,0.17865445953085146,,-0.10604633969421144,1.0146185623788975,-0.28629308493022887,1.4801730622401128,-0.9637647455908694,1.8822042719659782,,,-0.46902330706173645,,,0.1524933857266681,-0.37142903031362207,0.9271245353711587,-0.17912728362403346,0.7081504049735511,0.520679522596761,CHN,East and Southeast Asia
0.10388443186033634,-0.5204975938018945,3.3860031568971882,1.1086275017021228,-1.1807541773353256,-0.4596259195013278,-0.008760971658684077,0.8033503274972673,,0.8984452518031507,-0.7996818901890423,0.8958227349219321,2.6556570958215304,-0.2538589075314765,2.2711397995415723,-1.2685315346728538,-1.0025340986101055,-1.0437590250296434,-1.403716009126935,-0.02971588797985044,-0.681211869353793,HKG,East and Southeast Asia
-0.43771003046214035,-0.5890240077009642,0.22259006244038046,,-0.10293850026936888,,-0.302273860261645,0.26192282082137086,,,,,-0.46902330706173645,,,0.6969621731623545,0.9652593441528429,0.9929361129592347,0.04203589757047048,0.6417424386077449,0.520679522596761,CHN,East and Southeast Asia
0.3015091251476658,0.22415610390132912,-0.5377774810809447,-0.4178138612717004,-0.00965445087431013,-0.3547632594475491,-0.3156895822295288,0.05028659363086354,1.7427655146611662,-0.6864998362369595,0.14006333608822447,1.1187569256417214,0.05675764267255327,0.10964072928437797,-0.09324878988282116,-1.0407041697174957,-0.9358956752496073,-1.1649908784813623,-0.42076853715136187,-0.24000778147156987,-0.5567556601281438,MYS,East and Southeast Asia
-0.6506546278477882,-0.5364870903783441,-0.24098427944905484,,-0.9535126509757127,,,-0.5803689679781352,,,,0.13926417593072382,-1.0118318184879074,,,2.1218485743238316,2.0471537469468144,1.405124414695079,1.6147518527313875,1.113976866097922,1.3634258536390131,PAK,Central and South Asia
-0.6839589201021755,-0.5532379915536723,-0.6728578290766064,-1.0170521986699568,1.3528522132068446,-0.09201117625648135,-0.2475025842456941,-0.5495531716961849,,,0.6341041542819121,,1.0878978903086856,,,0.6390399617330261,0.42431214275585705,0.06118272500173771,0.42292804296100506,0.4203825507217245,1.6194500554746343,RUS,Europe and North America
-0.6445704655758027,-0.5448625409660082,-0.5773025124600785,,-0.09436639959313664,,-0.0015459677782382868,-0.8763355194110133,,,-1.5819940698827795,0.5097455624544049,0.9126380129796533,,,-0.5580190744730928,-0.026477191741631108,-1.047222792271121,-0.7402264655434231,0.4794118541579966,0.4068909884475961,KAZ,Central and South Asia
-0.812225597316214,-0.23420946462355907,-0.47166268910236236,,-0.29758011558459385,,-0.32165769338755573,-0.9131208141305601,,,,-0.13066834045840364,-1.470901428127413,,,0.44982740439722024,-0.33614986500512295,0.7019796646751092,1.1109912733439062,0.7339757252269201,-0.39318464228871935,IND,Central and South Asia
-0.4575098334084964,-0.5494309685592795,1.227937256899366,,-0.38759208818989604,,,0.7790385642997755,,,,,-0.46902330706173645,,,0.4227970390635337,-0.3008706996966239,1.252718656070061,0.6358999952223793,0.5900917981010068,0.520679522596761,CHN,East and Southeast Asia
,-0.5113607386153519,-0.1458503767345737,,0.22130599702714435,,-0.30654666497714833,0.6880474722754426,,,,,-0.46902330706173645,,,1.3611368642186528,1.6943620938618238,1.6233417509081731,-0.01530270496143795,1.3685407371668454,0.520679522596761,CHN,East and Southeast Asia
1.6625455182152054,3.312413156952735,-0.13675865013926555,2.2091832910285527,1.8819326334804312,-0.25938057006112886,0.15709006456218116,0.17840762388833933,0.7257662653543409,-0.00879917790256751,-0.15073161308825697,,1.36185890534917,-0.29147682485667464,-0.33128016907224744,-1.5581425918194955,-1.3474859371820964,-1.223874921586483,-0.8835729718731942,-0.8782621248762621,-1.0901394139523541,USA,Europe and North America
-0.3617677710141375,-0.3743079108172126,-0.03446521335092292,0.2666952950526566,-0.6416144151367452,-0.2379975503966314,-0.31062164448639334,-0.6688477191688006,-0.18461209491225303,-0.9597662307266337,1.409233815204268,0.7216573814153524,-0.20691536137648028,-0.20238484305716659,-0.4743706030815603,-0.06374953694282437,0.16559826382686385,-0.7043098353648304,0.7546728147527609,-0.22156112414773482,0.39266742167895047,JOR,West Asia and North Africa
-0.90245040030619,-0.11999877479177629,-0.2857143873093088,-0.569614659799484,-0.9310549290543659,-0.5247978261022113,0.5313828200134857,-0.8419629047702418,-1.0867888483295982,1.6635911563742385,0.03329616516228015,-0.7234631726842764,1.8712891340214968,3.3132428253622015,-0.41600444428256633,-0.4692050169481228,-0.6850216108336138,-0.8428605250239378,-0.3101869465541099,0.06251739863932475,0.08330484446090851,PER,Latin America
1.2711010495032975,0.23329295908787176,0.052666680456842155,-0.18027372283470586,-0.8209058076033967,-0.4008608499382499,0.017821010453771716,-0.4893023379314862,-1.0047727798371122,0.5158722995176068,1.465917476859497,1.5254753289474838,0.7723803217104559,-0.25904862133415474,-0.2586504685808813,-0.7935694009523615,-0.7320604979116125,-1.178845947447273,-0.4043860792851023,-0.310105079302143,1.1038457601112308,TUR,West Asia and North Africa
-0.8181881547974635,-0.6895294147529331,-0.7912198064013012,,1.1718132193865864,,-0.27364249439629573,-1.1161538002150289,,,,,-0.04718827315694093,,,1.9210515747021601,2.3097875331323077,1.2908200957263154,0.8488719474837534,0.674946421790648,1.6194500554746343,RUS,Europe and North America
-0.5354314509241745,-0.5578064191469436,-0.361128307940849,-0.14138648123653919,-0.8530794801368552,-0.024947022032243478,-0.2004310896674165,-0.4316663586439389,,,,0.5649737827871644,-0.1888826883663735,,,0.021203039820190527,0.6359871346068515,0.005762449138094768,0.22633854856589045,-1.9481682496586943,0.41755866352408033,ECU,Latin America
-0.8039737856876717,-0.6171959778594707,-0.8228282058664341,,0.2267202874282408,,-0.1755072080749176,-1.1161538002150289,,,,-0.2619947597369118,-0.46902330706173645,,,-0.4228672478046601,-0.018637377228631312,1.0345013198569668,-1.0269194782029654,-0.8598154675524271,-1.6519703013138556,JPN,East and Southeast Asia
-0.13947259034794673,1.8154917155575023,-0.6400076392489666,0.8485983560758263,3.6104488537227777,-0.01799945174735236,-0.30040916997201395,-1.0410938667720304,2.1528458571235958,-1.6210709053916452,0.6218744601576677,,-0.9460014493426212,-0.28831401100970433,-0.45432993733574606,-1.4654670535325702,-1.2926072355910978,-1.1753821802057953,-0.8016606825418965,-1.1807873049871567,-1.0901394139523541,USA,Europe and North America
1.598852337549293,1.3578875516314928,1.021195129893919,-1.257403463005614,-1.0713774293771958,,-0.3279178738297686,-0.7268047354671939,,,2.6646216231644173,,-0.9081148558533724,-0.2914579446378229,-0.1334450733515488,0.4768577697309068,-0.7007012398596134,0.12006676810685833,1.5983693948651279,1.209899484181864,-0.39318464228871935,IND,Central and South Asia
,-0.6019678858818995,0.0402421653962065,,-1.0284932994259341,,,-0.9439636546919633,,,,-0.6223831549831785,-1.3555006145989714,,,2.229970035658578,2.0353940251773146,1.9281532681582094,1.880966793058105,1.4533953608564865,-0.39318464228871935,IND,Central and South Asia
-0.7232179243674424,-0.69638205614284,-0.22851685987164924,,-1.0350781410871464,,,-0.7860604189860111,,,,-0.06961920135652959,-0.35893796987392873,,,2.0484804398466827,1.8903574566868186,1.8935155957434326,1.8277238049927615,0.47203319122846255,-0.39318464228871935,IND,Central and South Asia
0.7376090643388706,-0.41618516375553294,1.1432248244501488,,-0.67571599757698,-0.37542116638631956,-0.24180107870247333,0.16603440215284598,-0.7341197538119089,0.056784756774954356,,,-0.6347400634579604,,,-0.09077990227651093,-0.7203007761421129,-0.14317954224544563,0.168999946033982,1.0180542480139796,0.520679522596761,CHN,East and Southeast Asia
-0.1434382050865536,-0.32786223028562095,0.32888965098738093,,-0.4459990601504542,-0.33453463733840394,,1.1871933379140474,,,,,-0.46902330706173645,,,-0.013550287037406477,-0.6066234657036159,-0.08083173189884733,0.15261748816772244,1.224656810040932,0.520679522596761,CHN,East and Southeast Asia
-0.34949677902170306,-0.3408061084665563,-0.1627737182788844,,-0.027545616594543923,0.24687973611220224,,-0.03333156063750632,-1.373845088053299,-1.333594658388508,,,-0.46902330706173645,,,0.843698442116653,-0.04607672802413059,1.8173127164309235,0.09118327116924914,1.2799967820124372,0.520679522596761,CHN,East and Southeast Asia
-0.6000782620402414,-0.5357256857794656,-0.29653670241555974,-0.7410933396179059,-0.7252794072320778,-0.2545100367611771,-0.193323683644352,0.15263640188706404,0.10244414481144752,0.7891386940072813,,,-0.36403109885195933,,,0.87845176897425,1.4474079367023303,-0.08429549914032501,0.9225930078819213,-1.9629255755177624,1.7652416148532517,VEN,Latin America
-0.8215998522745976,-0.6605960399955481,-0.6459932488128707,,1.5761098278868797,,0.06322283390308747,-1.1161538002150289,,,,,1.0878978903086856,,,1.673916805937026,2.0157944888948154,1.7861388112576244,0.09937450010237892,0.2396053089481411,1.6194500554746343,RUS,Europe and North America
0.21163790939126492,0.04674883236262656,-0.2704830498387823,-0.520888477555998,-0.2173207485441494,-0.19925273163516244,-0.26884828223445034,-0.6651654329228347,-1.25082098531457,-1.1783793463183732,,,-0.46902330706173645,0.29036817477419286,0.03301712182873076,-0.3881139209470631,-0.6340628164991151,-0.565759145705723,-0.6009755736802169,0.1436826908641989,1.1714077022622975,VNM,East and Southeast Asia
3.662211044876414,3.0268864323732783,-0.3842534626244734,-0.2449296185039471,-0.8313405092457389,-0.46074636397332264,-0.31710612897691876,0.2545296661659004,0.10244414481144752,0.24260590502793267,1.5138656427116932,-0.7144579859584763,-1.0946015984582116,4.987431715402974,5.350874186799097,-0.46534353618616753,-1.1946095541786004,-0.9294547060608799,1.012696526146349,0.7450437196212211,-0.037595473072579155,IDN,East and Southeast Asia
3.4552529471833173,1.0967257742161496,0.3167556470484736,-1.1440213850928869,-0.9894536308405287,-0.3628344870049789,-0.3089283660831283,-0.4489571076824015,-0.7997326086058976,0.5705255784155417,1.8324200563289204,-0.4131717489153283,-0.07672029265001164,-0.2810223190762313,-0.282925646439156,-0.21048580589712285,-0.9280558607366074,-1.061077861237032,1.409971129403143,1.4091233832792824,-0.39318464228871935,IND,Central and South Asia
-0.592671596943978,-0.5342028765817085,-0.5714785781843681,-1.0550023983019028,1.079732399573065,-0.291582548271877,-0.24506755089260573,-0.22821363167810416,,,-1.1764729424931473,1.4725332399681361,-0.35893796987392873,,,-0.0019658447515408088,0.8868611990228449,-0.3440780422511513,-0.5845931158139573,-0.08136652848658854,1.2318578610290414,AZE,Central and South Asia
2.2189150302454723,0.7396270173421087,-0.1524607469692195,0.08444063262269429,-0.39201061708814244,,-0.1676143431595499,-0.13680292249995044,-0.447063514088208,0.4065657417217373,0.7051528534799041,,0.4566977153372346,0.6652584082072553,0.09514946133717234,-0.4267287285666153,-0.6458225382686148,-0.88442573192167,0.4515973442269593,-0.9483594227068353,0.2788788875297856,BRA,Latin America
-0.5738580237298313,-0.570750297327879,1.0937484935463282,,-0.5170146716259597,,0.6952612678168235,-1.1161538002150289,,,,,-0.46902330706173645,,,-0.1332561906580184,-0.17543366748862718,-0.6142518870864107,0.15671310263428734,0.06989606156885876,0.520679522596761,CHN,East and Southeast Asia
-0.7664777127212508,-0.6133889548650778,-0.7436626293127885,,1.8820520284431892,,0.18438413157418507,-1.1161538002150289,,,,,1.0878978903086856,,,1.7395619788902648,2.4665838233923036,0.8786317939904711,0.3614938259625317,0.5310624946647347,1.6194500554746343,RUS,Europe and North America
1.356454356460385,0.7106936425847238,-0.638407728021221,0.19079489578876496,-0.08648165328317625,-0.355109305187691,-0.19450818836396822,-0.6255371451865213,0.31978672631653543,0.7180894314399665,0.4504646202892877,-0.5865415259984771,0.23590250207051167,-0.2827685400129405,-0.3860163012235684,-0.5000968630437646,-0.13231468766712834,-0.7112373698477857,-0.633740489412736,-1.767391007885111,-0.06248671491770897,ARG,Latin America
-0.7057018296324279,1.6175265198490787,-0.6738394882662245,,-0.1860738904299939,-0.41513901059180713,-0.006678859772788073,-0.7141511073853382,-1.0539824209326039,0.3355164791544226,,0.24464258961932395,1.4241539586434802,,,-1.2106093232435255,-0.7477401269376122,-0.9329184733023576,-1.3504730210615914,-0.9299127653830003,-1.6519703013138556,JPN,East and Southeast Asia
-0.317469134169948,-0.5410555179716154,,,-0.3856196095190583,0.125617495926444,,-0.3683363280874243,-0.6890109161410416,1.2646222204193145,,,-0.46902330706173645,,,0.3378444623005188,-0.21071283279712627,0.6119217163966895,0.29186838003092863,1.0697048885207177,0.520679522596761,CHN,East and Southeast Asia
-0.384701974640065,-0.616434573260592,1.6767622921430718,,-0.5081198874001503,,,1.2879111952513416,,,,,-0.46902330706173645,,,0.2567533662994591,-0.37534893757012194,1.4189794836609897,-0.10950183769243037,0.2949452809196462,0.520679522596761,CHN,East and Southeast Asia
0.1734115313467753,-0.3697394832239413,0.5385698304246879,,-0.24698372413038922,-0.42482942606545204,-0.3111696498271678,-0.1633845045524558,,,,,-0.46902330706173645,,,0.7664688268775486,1.2200533158253362,1.0275737853740115,0.0010797529048216016,0.7782477028041241,0.520679522596761,CHN,East and Southeast Asia
-0.35641540175425634,0.9672869924067957,-0.809982554053481,0.7281884634164428,2.9576851060676685,0.4700241119170655,-0.19273676418262414,-1.1161538002150289,2.0093177372617452,-1.6265362332814388,-0.8759718868688531,,1.0878978903086856,-0.30142754060853605,-0.4857451142585611,-1.3843759575315107,-1.253408163026099,-0.9883387491660005,-0.9859633335373164,-1.9334109237996262,-1.0901394139523541,USA,Europe and North America
-0.6385013179109047,-0.4923256236433881,-0.7195005707300969,,0.14297298050639795,0.5205289707349533,-0.3232713314346485,-0.0227128438852115,0.2705770852210438,-0.6864998362369595,,-0.18855034946451604,2.506939944465594,,,-0.5927724013306899,-0.24207209084912545,0.6500231560529439,-0.8999554297394537,-1.782148333744179,-1.6519703013138556,JPN,East and Southeast Asia
-0.1312165854507584,1.5276807771814098,-0.7678821246008897,1.4019216371292595,1.848164459152433,-0.42087378487714605,-0.19053990888444278,-0.7066933503292576,1.9888137201386238,-1.5172296754855692,0.5952797284906596,,1.0878978903086856,-0.2998969866655052,-0.45932786779869494,-1.4229907651510627,-1.2651678847955985,-1.1061068353762418,-0.7197483932105987,-2.0367122048131026,-1.0901394139523541,USA,Europe and North America
-0.5030304698961887,-0.3925816211902978,-0.5197146856948197,-1.14730103197466,0.13647092726462595,-0.2963702639385597,-0.11864277600815007,0.2514259027585562,,,-0.6554491483745393,0.35990489237150597,1.3730308400499103,,,-0.3533605940894661,-0.6223030947296154,-0.4445272922540041,-0.6910790919446445,0.17319734258233496,1.3385346117938834,UKR,Europe and North America
1.6015576721596603,0.8233815232187494,0.10934357645901942,-0.08563248424639626,-0.032082887582537016,-0.4602408533532595,-0.29364991374147104,1.153865847032354,-0.7177165401134117,-0.3039268839514156,0.607315300485948,,-0.46902330706173645,-0.27223964122464206,0.25855240367806565,-0.7240627472371675,-0.7947790140156109,-1.1545995767569293,-0.5190632843489191,0.6564997644668129,0.520679522596761,CHN,East and Southeast Asia
4.2000315654174285,3.2621604534267505,-0.6093107277999632,2.200281392349454,0.0017667107677496324,,-0.18084397509341602,0.1479469186389804,,1.0624050884969554,-0.8305473086930876,-0.11090507488087592,1.5605761117924133,-0.18831245616234846,-0.27978475972046224,-1.54655814953363,-1.3122067718735972,-1.2308024560694384,-1.1293098398670876,-1.1586513161985548,-1.6519703013138556,JPN,East and Southeast Asia
0.536196902597027,,,,-0.4314445894445995,,,-0.8100094553574125,0.061436110565204746,1.5542845985783689,,-4.068675922886307,-0.46902330706173645,,,-0.05988805618086915,-0.6262230019861154,0.06464649224321539,0.4270236574275699,0.29863461238441324,0.520679522596761,CHN,East and Southeast Asia
0.7727784142736452,-0.07126888046354897,-0.012674778579669036,-1.2616201518536079,-0.7955734808731502,-0.3972619595047893,-0.30038707308163093,-0.48790924673588487,-0.348644231897225,0.4065657417217373,0.13986921395926782,-0.6235599427549509,-0.35893796987392873,-0.24440604206834599,0.08176283669493511,0.26061484706141436,-0.39494847385262144,-0.5830779819131114,1.5778913225323035,0.6343637756782109,-0.39318464228871935,IND,Central and South Asia
-0.4162910847514795,-0.2707568853697295,0.06064471259883197,,-0.6262933671608811,,-0.2952214810639178,0.2711328694591063,,,,,-0.46902330706173645,,,0.6313170002091157,0.9182204570748441,1.0137187164081007,-0.0644500785602166,0.3761105731445204,0.520679522596761,CHN,East and Southeast Asia
-0.4881307042628605,-0.5273502351918015,-0.362587349895273,-1.3033185193504373,-0.4592595133411274,-0.1242826096254382,,-0.9702416534643845,,-0.7958063940328292,,-0.11339573857026534,-1.391143579849288,-0.29638660621599733,-0.39131150536459436,1.4190590756479813,0.6869459289413502,0.7192985008824977,1.7867676603271128,1.0328115738730477,-0.39318464228871935,IND,Central and South Asia
-0.6340771489558407,-0.5737959157233932,0.21084461745996688,,-0.9910431274410189,,,-0.8934841226039953,,,,-0.24226225648051508,-0.35893796987392873,,,1.693224209746802,0.036241324362367246,1.6371968198740838,1.9751659257890977,0.8262090118460953,-0.39318464228871935,IND,Central and South Asia
-0.6036494389926568,-0.5182133800052589,-0.6739473272644279,,0.08719508405601721,0.07742731922059395,-0.015869150809594067,-0.5929314078190729,,,,0.5578128824684531,0.3007618933732883,,,0.8475599228786083,0.9221403643313439,-0.48955626639321403,0.9103061644822267,1.0143649165492126,1.555444005015729,IRN,West Asia and North Africa
-0.758332761809818,-0.6415609250235843,-0.6517702876481319,-0.8647828791590628,0.5170308608419983,0.23585236213893604,-0.27814182235959223,-0.4354529947305426,,,-1.475032776827879,,0.11031464185883978,,,0.12546302039298154,0.3772732556778583,0.1512406732801575,-0.007111476028308175,0.1473720223289659,0.06908127769226291,ARM,Central and South Asia
-0.019478826372411422,-0.6141503594639565,7.383012335839181,-1.27427021839759,-1.1835868313278255,-0.48339616253030676,,-0.8719958352127883,-0.307636197650982,-1.0144195096245685,,0.3020769160286968,-0.004455258818791917,,,1.5233190562207721,0.655586670889351,1.4328345526269004,1.6229430816645172,1.0586368941264168,-0.39318464228871935,IND,Central and South Asia
-0.7022928374899041,-0.6392767112269486,-0.4883731337515934,,-0.6477447669038086,-0.10620965792833857,-0.045721289196765096,-0.29553413010285423,-0.10259602641976724,2.0461641086597826,,,1.0655029995832563,,,-0.33405319027969,1.0044584167178419,0.6569506905358994,-1.4119072380600648,-0.845058141693359,-1.2181515148701647,KOR,East and Southeast Asia
-0.40240676646415263,-0.4055254993712332,1.2340629448861296,,-0.6047824652392175,-0.41541130652957825,-0.29066933418032953,1.6733104672965813,,,,,-0.46902330706173645,,,-0.19503988284930196,-0.5752642076516167,-0.544976542256857,0.35739821149596684,0.10310004475176182,0.520679522596761,CHN,East and Southeast Asia
-0.5340921750253121,-0.4420729201174037,-0.4053605305108461,-0.04206003281712509,-0.45232782508679586,3.8348400704351437,,0.564342850173853,,,,-0.06164111842845227,-0.46902330706173645,,,-0.6352486897121974,0.7849436103538476,-0.4583823612199149,-1.6125923469217442,-0.7343781977503488,-1.3959460994782347,TWN,East and Southeast Asia
-0.10963761919789436,-0.3628868418340343,0.5932161412500376,,0.11348930722945387,-0.4215487596384038,-0.2930062999231129,1.6540427137215112,,0.6251788573134766,,,-0.46902330706173645,-0.297176611903953,0.11900126319377406,0.6235940386852052,0.8790213845098451,0.989472345717757,-0.19550974149029302,0.645431770072512,0.520679522596761,CHN,East and Southeast Asia
-0.7456286457462639,-0.6270942376448918,-0.6277824086499143,,-0.03823792281327729,0.13026937056302562,-0.18264875306557649,-0.5197472971958796,,,,,1.0878978903086856,,,1.851544920986966,2.4940231741878027,0.934052069854114,0.6686649109548983,0.25067330334244214,1.6194500554746343,RUS,Europe and North America
0.7357483351938601,3.5020029020734946,-0.7369173527834374,1.2121706389695301,1.3369781083228598,-0.19521325972360465,,-0.8477368539009206,1.8944952413722653,-1.4461804129182538,1.1052385612587612,,1.0878978903086856,-0.26462741533138456,-0.3011928380425836,-1.5349737072477643,-1.3435660299255965,-1.1719184129643176,-0.8753817429400644,-1.8891389462224222,-1.0901394139523541,USA,Europe and North America
-0.4477211211878045,-0.5677046789323648,1.5872285487666422,,-0.8708088712104783,-0.15424659329047125,-0.28043567827306776,-0.43568791446001115,0.7175646585050922,-0.3585801628493505,,0.5616147129077294,0.5060856709464563,,,1.1757857876448021,1.227893130338336,-0.2367012577653431,1.045461441878868,1.2504821302943012,1.555444005015729,IRN,West Asia and North Africa
-0.41674652783313487,-0.32633942108786385,-0.3734052509961369,,0.41317297988961244,,-0.31014762885880354,0.605685542053999,,,,,-0.47391764602861297,,,0.3996281544918024,-0.22639246182312586,1.3081389319337038,-0.19141412702372812,1.173006169534194,0.520679522596761,CHN,East and Southeast Asia
-0.5946329645364942,-0.41466235455777584,-0.7274388395782551,,-0.11796820104797048,6.972813000990289,-0.20096340026275702,-0.5269811501956569,0.02042807631896175,0.13329934723206321,,-0.31806951472603484,-0.46902330706173645,,,-0.975058996764257,-0.6732618890641141,-0.4826287319102587,-1.0596843939354843,-0.9926314002840394,-1.6519703013138556,JPN,East and Southeast Asia
0.20952774839517846,-0.30425868772038583,0.25768809901583895,-1.2381941026980858,-0.8621797976881093,-0.35085224734266773,-0.31379381542600376,-0.3470114077606727,,-1.0690727885225035,0.23595966779261807,-0.7970280606611877,-0.7451937342880454,,,0.5000266543026382,0.16167835657036395,-0.610788119844933,1.6516123829304714,0.44989720243986053,-0.39318464228871935,IND,Central and South Asia
-0.3056104351721336,-0.5098379294175948,0.5634681579496463,,-0.383557164886747,-0.3171048327682831,-0.25700318143995166,0.7281498085997673,-0.6726077024425443,-0.3476495070697635,,,-0.46902330706173645,,,0.2181385586799069,-0.4380674536741203,1.0968491302035652,0.6195175373561197,-0.317483742231677,0.520679522596761,CHN,East and Southeast Asia
-0.8064548480588396,-0.4839501730557241,-0.8615220892687305,,,,0.12953487734420252,-1.1161538002150289,,,,0.6127961786416287,0.99484600775254,,,-0.2877154211362273,1.1259755416693387,1.0033274146836677,-1.4569589971922785,-0.21049312975343382,-1.6519703013138556,JPN,East and Southeast Asia
0.2587893215820867,2.1291904102954655,-0.7226806584649542,1.4974999176837902,3.139638748458765,-0.12156466137110018,-0.2526253299513716,-0.04045363797316385,1.6197414119224374,-1.0690727885225035,0.4819124051802023,,0.1467114253497326,-0.2996785863809812,-0.3544859158134932,-1.4500211304847495,-1.320046586386597,-1.0783966974444203,-0.891764200806324,-0.2621437702601719,-1.0901394139523541,USA,Europe and North America
-0.6319955292398935,-0.5852169847065715,-0.3771449905592486,-0.899921952892346,-0.17849086852179707,-0.22335004778867343,-0.24035968488956252,-0.06020692676122571,-0.7587245743596546,1.7182444352721735,-1.2776105716793602,0.7979373419293699,1.0878978903086856,,,0.5386414619221904,2.0079546743818155,0.8128202164023951,-0.7975650680753316,-0.16253182071146272,1.3243110450252378,BLR,Europe and North America
-0.17553037216876594,-0.3857289798003909,-0.2307685630580461,-0.6811226537797692,0.1934301281168213,-0.32419526756171146,-0.1823182524103731,0.17208871059508193,,,0.6884583503896657,,-0.2152802707709372,,,-0.04830361389500348,-0.183273482001627,-0.49994756811764707,-0.33066501888693434,-0.6753488943140767,1.6194500554746343,RUS,Europe and North America
0.7637155433289149,-0.31187273370917135,0.850242526392641,,-0.5200707836852061,,-0.28622882493929364,0.7715005656271182,,,,,-0.46902330706173645,,,-0.2375161712308094,-0.6615021672946144,-0.5934692836375446,-0.01939831942800284,0.711839736438318,0.520679522596761,CHN,East and Southeast Asia
-0.5360624702220427,-0.44892556150731067,-0.25966876281176954,-0.058926788209101,0.6553125624944085,0.17797666483458485,,-0.31466265873079186,0.3484923502889053,0.18795262612999777,-0.8866486039614477,0.44611171518041415,2.221467791987326,-0.3010880046786095,-0.35149025677927603,-1.148825631052242,-0.563504485882117,-0.7389475077796073,-1.6044011179886144,-1.9260322608700922,-1.2430427567152944,PRT,Europe and North America
-0.1454968294583126,-0.3842061706026338,0.15851154191061043,,-0.01406310342500025,-0.41753474609107644,-0.20648187040448054,0.270736696080194,,,,,-0.9941036079945079,,,0.237445962489683,-0.47726652623911925,1.4085881819365567,-0.3716211635525832,0.9479569501834065,0.520679522596761,CHN,East and Southeast Asia
-0.6984293491328386,-0.6263328330460133,0.20611098391082697,,-0.22892931597352198,,,-1.1161538002150289,,,,,-0.46902330706173645,,,0.3339829815385636,-0.26559153438812483,0.9513709060615024,-0.05625884962708683,1.1471808492808249,0.520679522596761,CHN,East and Southeast Asia
-0.721771381951279,-0.43826589712301095,-0.7954264689377674,1.376621504041296,0.7574068701115227,0.33878983936591744,-0.06950369758435167,-0.8847688056094486,1.6197414119224374,-1.5062990197059822,-0.12277802651855522,1.85377079549495,2.274944650396443,-0.2471484534663024,-0.24665030679830427,-1.3341767076260926,-0.9123762317106079,-0.8601793612313262,-1.1784572134658662,-2.1437028172913455,-1.7408675936178908,NZL,Australia and New Zealand
-0.9023973757478267,-0.3948658349869335,-0.41222254548266785,0.023532904818336847,,-0.20399076432099944,-0.2754581972504322,-0.670942814140604,,,,-0.038500092334865336,-0.27099060256561286,,,-0.08691842151455571,-0.27343134890112464,0.48722609570349285,0.6236131518226846,-1.863313625969053,-0.06604260660987037,DOM,Latin America
-0.8970034796016765,-0.23877789221683038,-0.4760534379651784,-0.04112299085090439,-0.44412933791337683,,0.0069290640756509096,0.7486731150074473,-0.47166833463595376,0.07864606833412831,-0.8982959316988234,0.13503609545804335,-1.1140228611195195,-0.2622117068675708,-0.3019376034567748,-1.1024878619087792,-0.677181796320614,-1.1442082750324962,-0.6706010196118201,-1.0701073610441465,-0.6918795444302771,CHL,Latin America
